ISO-10303-21;
HEADER;
/* Generated by software containing ST-Developer
 * from STEP Tools, Inc. (www.steptools.com) 
 */
/* OPTION: using custom schema-name function */

FILE_DESCRIPTION(
/* description */ (''),
/* implementation_level */ '2;1');

FILE_NAME(
/* name */ 'clock',
/* time_stamp */ '2026-06-20T18:19:16+03:00',
/* author */ (''),
/* organization */ (''),
/* preprocessor_version */ 'ST-DEVELOPER v19.2',
/* originating_system */ 'Rhino 8.32',
/* authorisation */ '');

FILE_SCHEMA (('CONFIG_CONTROL_DESIGN'));
ENDSEC;

DATA;
#10=SHAPE_REPRESENTATION_RELATIONSHIP('','',#2229,#17);
#11=MANIFOLD_SOLID_BREP('brep_1',#18);
#12=MANIFOLD_SOLID_BREP('brep_2',#19);
#13=MANIFOLD_SOLID_BREP('brep_3',#20);
#14=MANIFOLD_SOLID_BREP('brep_4',#21);
#15=MANIFOLD_SOLID_BREP('brep_5',#22);
#16=MANIFOLD_SOLID_BREP('brep_6',#23);
#17=ADVANCED_BREP_SHAPE_REPRESENTATION('brep_rep_0',(#11,#12,#13,#14,#15,
#16,#2494),#2228);
#18=CLOSED_SHELL('',(#54,#55,#56,#57,#58,#59,#60,#61,#62,#63,#64,#65,#66,
#67,#68,#69));
#19=CLOSED_SHELL('',(#70,#71,#72,#73,#74,#75,#76,#77,#78,#79,#80,#81,#82,
#83,#84,#85,#86,#87,#88,#89,#90,#91,#92,#93,#94,#95,#96,#97,#98,#99,#100,
#101,#102,#103,#104,#105,#106,#107,#108,#109));
#20=CLOSED_SHELL('',(#110,#111,#112,#113,#114,#115));
#21=CLOSED_SHELL('',(#116,#117,#118,#119,#120,#121));
#22=CLOSED_SHELL('',(#122,#123,#124,#125,#126,#127,#128,#129,#130,#131,
#132,#133,#134,#135,#136,#137,#138,#139,#140,#141,#142,#143,#144,#145,#146,
#147,#148,#149,#150,#151,#152,#153));
#23=CLOSED_SHELL('',(#154,#155,#156,#157,#158,#159,#160,#161,#162,#163,
#164,#165,#166,#167,#168,#169,#170,#171,#172,#173,#174,#175,#176,#177,#178,
#179,#180,#181,#182,#183,#184,#185));
#24=FACE_BOUND('',#326,.T.);
#25=FACE_BOUND('',#327,.T.);
#26=FACE_BOUND('',#342,.T.);
#27=FACE_BOUND('',#343,.T.);
#28=FACE_BOUND('',#344,.T.);
#29=FACE_BOUND('',#345,.T.);
#30=FACE_BOUND('',#346,.T.);
#31=FACE_BOUND('',#348,.T.);
#32=FACE_BOUND('',#349,.T.);
#33=FACE_BOUND('',#350,.T.);
#34=FACE_BOUND('',#351,.T.);
#35=FACE_BOUND('',#352,.T.);
#36=FACE_BOUND('',#388,.T.);
#37=FACE_BOUND('',#390,.T.);
#38=FACE_BOUND('',#396,.T.);
#39=FACE_BOUND('',#398,.T.);
#40=FACE_BOUND('',#408,.T.);
#41=FACE_BOUND('',#411,.T.);
#42=FACE_BOUND('',#430,.T.);
#43=FACE_BOUND('',#431,.T.);
#44=FACE_BOUND('',#432,.T.);
#45=FACE_BOUND('',#433,.T.);
#46=FACE_BOUND('',#434,.T.);
#47=FACE_BOUND('',#447,.T.);
#48=FACE_BOUND('',#450,.T.);
#49=FACE_BOUND('',#469,.T.);
#50=FACE_BOUND('',#470,.T.);
#51=FACE_BOUND('',#471,.T.);
#52=FACE_BOUND('',#472,.T.);
#53=FACE_BOUND('',#473,.T.);
#54=ADVANCED_FACE('',(#186),#2078,.T.);
#55=ADVANCED_FACE('',(#187),#2014,.T.);
#56=ADVANCED_FACE('',(#188),#2015,.T.);
#57=ADVANCED_FACE('',(#189),#2016,.T.);
#58=ADVANCED_FACE('',(#190),#2017,.T.);
#59=ADVANCED_FACE('',(#191),#2018,.T.);
#60=ADVANCED_FACE('',(#192),#2079,.T.);
#61=ADVANCED_FACE('',(#193,#24,#25),#2019,.T.);
#62=ADVANCED_FACE('',(#194),#2020,.T.);
#63=ADVANCED_FACE('',(#195),#2021,.T.);
#64=ADVANCED_FACE('',(#196),#2080,.F.);
#65=ADVANCED_FACE('',(#197),#2022,.T.);
#66=ADVANCED_FACE('',(#198),#2081,.F.);
#67=ADVANCED_FACE('',(#199),#2023,.T.);
#68=ADVANCED_FACE('',(#200),#2082,.F.);
#69=ADVANCED_FACE('',(#201),#2083,.F.);
#70=ADVANCED_FACE('',(#202),#2024,.T.);
#71=ADVANCED_FACE('',(#203),#2025,.T.);
#72=ADVANCED_FACE('',(#204),#2026,.T.);
#73=ADVANCED_FACE('',(#205),#2084,.T.);
#74=ADVANCED_FACE('',(#206),#2087,.F.);
#75=ADVANCED_FACE('',(#207,#26,#27,#28,#29,#30),#2032,.T.);
#76=ADVANCED_FACE('',(#208,#31,#32,#33,#34,#35),#2033,.T.);
#77=ADVANCED_FACE('',(#209),#2089,.F.);
#78=ADVANCED_FACE('',(#210),#2034,.T.);
#79=ADVANCED_FACE('',(#211),#2091,.F.);
#80=ADVANCED_FACE('',(#212),#2035,.T.);
#81=ADVANCED_FACE('',(#213),#2093,.F.);
#82=ADVANCED_FACE('',(#214),#2036,.T.);
#83=ADVANCED_FACE('',(#215),#2095,.F.);
#84=ADVANCED_FACE('',(#216),#2037,.T.);
#85=ADVANCED_FACE('',(#217),#2097,.F.);
#86=ADVANCED_FACE('',(#218),#2038,.T.);
#87=ADVANCED_FACE('',(#219),#2099,.F.);
#88=ADVANCED_FACE('',(#220),#2039,.T.);
#89=ADVANCED_FACE('',(#221),#2101,.F.);
#90=ADVANCED_FACE('',(#222),#2040,.T.);
#91=ADVANCED_FACE('',(#223),#2103,.F.);
#92=ADVANCED_FACE('',(#224),#2041,.T.);
#93=ADVANCED_FACE('',(#225),#2025,.T.);
#94=ADVANCED_FACE('',(#226),#2085,.F.);
#95=ADVANCED_FACE('',(#227),#2027,.T.);
#96=ADVANCED_FACE('',(#228),#2028,.T.);
#97=ADVANCED_FACE('',(#229),#2029,.T.);
#98=ADVANCED_FACE('',(#230),#2030,.T.);
#99=ADVANCED_FACE('',(#231),#2086,.F.);
#100=ADVANCED_FACE('',(#232),#2031,.T.);
#101=ADVANCED_FACE('',(#233),#2088,.F.);
#102=ADVANCED_FACE('',(#234),#2090,.F.);
#103=ADVANCED_FACE('',(#235),#2092,.F.);
#104=ADVANCED_FACE('',(#236),#2094,.F.);
#105=ADVANCED_FACE('',(#237),#2096,.F.);
#106=ADVANCED_FACE('',(#238),#2098,.F.);
#107=ADVANCED_FACE('',(#239),#2100,.F.);
#108=ADVANCED_FACE('',(#240),#2102,.F.);
#109=ADVANCED_FACE('',(#241),#2104,.F.);
#110=ADVANCED_FACE('',(#242),#2105,.T.);
#111=ADVANCED_FACE('',(#243,#36),#2042,.T.);
#112=ADVANCED_FACE('',(#244,#37),#2043,.T.);
#113=ADVANCED_FACE('',(#245),#2106,.F.);
#114=ADVANCED_FACE('',(#246),#2107,.T.);
#115=ADVANCED_FACE('',(#247),#2108,.F.);
#116=ADVANCED_FACE('',(#248),#2109,.T.);
#117=ADVANCED_FACE('',(#249,#38),#2044,.T.);
#118=ADVANCED_FACE('',(#250,#39),#2045,.T.);
#119=ADVANCED_FACE('',(#251),#2110,.F.);
#120=ADVANCED_FACE('',(#252),#2111,.T.);
#121=ADVANCED_FACE('',(#253),#2112,.F.);
#122=ADVANCED_FACE('',(#254),#2046,.T.);
#123=ADVANCED_FACE('',(#255),#2047,.T.);
#124=ADVANCED_FACE('',(#256),#2048,.T.);
#125=ADVANCED_FACE('',(#257),#2113,.T.);
#126=ADVANCED_FACE('',(#258),#2113,.T.);
#127=ADVANCED_FACE('',(#259,#40),#2050,.T.);
#128=ADVANCED_FACE('',(#260),#2116,.F.);
#129=ADVANCED_FACE('',(#261,#41),#2056,.T.);
#130=ADVANCED_FACE('',(#262),#2118,.F.);
#131=ADVANCED_FACE('',(#263),#2120,.F.);
#132=ADVANCED_FACE('',(#264),#2057,.T.);
#133=ADVANCED_FACE('',(#265),#2122,.F.);
#134=ADVANCED_FACE('',(#266),#2058,.T.);
#135=ADVANCED_FACE('',(#267),#2124,.F.);
#136=ADVANCED_FACE('',(#268),#2059,.T.);
#137=ADVANCED_FACE('',(#269),#2126,.F.);
#138=ADVANCED_FACE('',(#270),#2060,.T.);
#139=ADVANCED_FACE('',(#271),#2114,.F.);
#140=ADVANCED_FACE('',(#272),#2051,.T.);
#141=ADVANCED_FACE('',(#273),#2052,.T.);
#142=ADVANCED_FACE('',(#274),#2053,.T.);
#143=ADVANCED_FACE('',(#275),#2054,.T.);
#144=ADVANCED_FACE('',(#276),#2115,.F.);
#145=ADVANCED_FACE('',(#277),#2055,.T.);
#146=ADVANCED_FACE('',(#278),#2061,.T.);
#147=ADVANCED_FACE('',(#279,#42,#43,#44,#45,#46),#2049,.T.);
#148=ADVANCED_FACE('',(#280),#2117,.F.);
#149=ADVANCED_FACE('',(#281),#2119,.F.);
#150=ADVANCED_FACE('',(#282),#2121,.F.);
#151=ADVANCED_FACE('',(#283),#2123,.F.);
#152=ADVANCED_FACE('',(#284),#2125,.F.);
#153=ADVANCED_FACE('',(#285),#2127,.F.);
#154=ADVANCED_FACE('',(#286),#2062,.T.);
#155=ADVANCED_FACE('',(#287),#2063,.T.);
#156=ADVANCED_FACE('',(#288),#2064,.T.);
#157=ADVANCED_FACE('',(#289),#2128,.T.);
#158=ADVANCED_FACE('',(#290),#2128,.T.);
#159=ADVANCED_FACE('',(#291,#47),#2066,.T.);
#160=ADVANCED_FACE('',(#292),#2131,.F.);
#161=ADVANCED_FACE('',(#293,#48),#2072,.T.);
#162=ADVANCED_FACE('',(#294),#2133,.F.);
#163=ADVANCED_FACE('',(#295),#2135,.F.);
#164=ADVANCED_FACE('',(#296),#2073,.T.);
#165=ADVANCED_FACE('',(#297),#2137,.F.);
#166=ADVANCED_FACE('',(#298),#2074,.T.);
#167=ADVANCED_FACE('',(#299),#2139,.F.);
#168=ADVANCED_FACE('',(#300),#2075,.T.);
#169=ADVANCED_FACE('',(#301),#2141,.F.);
#170=ADVANCED_FACE('',(#302),#2076,.T.);
#171=ADVANCED_FACE('',(#303),#2129,.F.);
#172=ADVANCED_FACE('',(#304),#2067,.T.);
#173=ADVANCED_FACE('',(#305),#2068,.T.);
#174=ADVANCED_FACE('',(#306),#2069,.T.);
#175=ADVANCED_FACE('',(#307),#2070,.T.);
#176=ADVANCED_FACE('',(#308),#2130,.F.);
#177=ADVANCED_FACE('',(#309),#2071,.T.);
#178=ADVANCED_FACE('',(#310),#2077,.T.);
#179=ADVANCED_FACE('',(#311,#49,#50,#51,#52,#53),#2065,.T.);
#180=ADVANCED_FACE('',(#312),#2132,.F.);
#181=ADVANCED_FACE('',(#313),#2134,.F.);
#182=ADVANCED_FACE('',(#314),#2136,.F.);
#183=ADVANCED_FACE('',(#315),#2138,.F.);
#184=ADVANCED_FACE('',(#316),#2140,.F.);
#185=ADVANCED_FACE('',(#317),#2142,.F.);
#186=FACE_OUTER_BOUND('',#318,.T.);
#187=FACE_OUTER_BOUND('',#319,.T.);
#188=FACE_OUTER_BOUND('',#320,.T.);
#189=FACE_OUTER_BOUND('',#321,.T.);
#190=FACE_OUTER_BOUND('',#322,.T.);
#191=FACE_OUTER_BOUND('',#323,.T.);
#192=FACE_OUTER_BOUND('',#324,.T.);
#193=FACE_OUTER_BOUND('',#325,.T.);
#194=FACE_OUTER_BOUND('',#328,.T.);
#195=FACE_OUTER_BOUND('',#329,.T.);
#196=FACE_OUTER_BOUND('',#330,.T.);
#197=FACE_OUTER_BOUND('',#331,.T.);
#198=FACE_OUTER_BOUND('',#332,.T.);
#199=FACE_OUTER_BOUND('',#333,.T.);
#200=FACE_OUTER_BOUND('',#334,.T.);
#201=FACE_OUTER_BOUND('',#335,.T.);
#202=FACE_OUTER_BOUND('',#336,.T.);
#203=FACE_OUTER_BOUND('',#337,.T.);
#204=FACE_OUTER_BOUND('',#338,.T.);
#205=FACE_OUTER_BOUND('',#339,.T.);
#206=FACE_OUTER_BOUND('',#340,.T.);
#207=FACE_OUTER_BOUND('',#341,.T.);
#208=FACE_OUTER_BOUND('',#347,.T.);
#209=FACE_OUTER_BOUND('',#353,.T.);
#210=FACE_OUTER_BOUND('',#354,.T.);
#211=FACE_OUTER_BOUND('',#355,.T.);
#212=FACE_OUTER_BOUND('',#356,.T.);
#213=FACE_OUTER_BOUND('',#357,.T.);
#214=FACE_OUTER_BOUND('',#358,.T.);
#215=FACE_OUTER_BOUND('',#359,.T.);
#216=FACE_OUTER_BOUND('',#360,.T.);
#217=FACE_OUTER_BOUND('',#361,.T.);
#218=FACE_OUTER_BOUND('',#362,.T.);
#219=FACE_OUTER_BOUND('',#363,.T.);
#220=FACE_OUTER_BOUND('',#364,.T.);
#221=FACE_OUTER_BOUND('',#365,.T.);
#222=FACE_OUTER_BOUND('',#366,.T.);
#223=FACE_OUTER_BOUND('',#367,.T.);
#224=FACE_OUTER_BOUND('',#368,.T.);
#225=FACE_OUTER_BOUND('',#369,.T.);
#226=FACE_OUTER_BOUND('',#370,.T.);
#227=FACE_OUTER_BOUND('',#371,.T.);
#228=FACE_OUTER_BOUND('',#372,.T.);
#229=FACE_OUTER_BOUND('',#373,.T.);
#230=FACE_OUTER_BOUND('',#374,.T.);
#231=FACE_OUTER_BOUND('',#375,.T.);
#232=FACE_OUTER_BOUND('',#376,.T.);
#233=FACE_OUTER_BOUND('',#377,.T.);
#234=FACE_OUTER_BOUND('',#378,.T.);
#235=FACE_OUTER_BOUND('',#379,.T.);
#236=FACE_OUTER_BOUND('',#380,.T.);
#237=FACE_OUTER_BOUND('',#381,.T.);
#238=FACE_OUTER_BOUND('',#382,.T.);
#239=FACE_OUTER_BOUND('',#383,.T.);
#240=FACE_OUTER_BOUND('',#384,.T.);
#241=FACE_OUTER_BOUND('',#385,.T.);
#242=FACE_OUTER_BOUND('',#386,.T.);
#243=FACE_OUTER_BOUND('',#387,.T.);
#244=FACE_OUTER_BOUND('',#389,.T.);
#245=FACE_OUTER_BOUND('',#391,.T.);
#246=FACE_OUTER_BOUND('',#392,.T.);
#247=FACE_OUTER_BOUND('',#393,.T.);
#248=FACE_OUTER_BOUND('',#394,.T.);
#249=FACE_OUTER_BOUND('',#395,.T.);
#250=FACE_OUTER_BOUND('',#397,.T.);
#251=FACE_OUTER_BOUND('',#399,.T.);
#252=FACE_OUTER_BOUND('',#400,.T.);
#253=FACE_OUTER_BOUND('',#401,.T.);
#254=FACE_OUTER_BOUND('',#402,.T.);
#255=FACE_OUTER_BOUND('',#403,.T.);
#256=FACE_OUTER_BOUND('',#404,.T.);
#257=FACE_OUTER_BOUND('',#405,.T.);
#258=FACE_OUTER_BOUND('',#406,.T.);
#259=FACE_OUTER_BOUND('',#407,.T.);
#260=FACE_OUTER_BOUND('',#409,.T.);
#261=FACE_OUTER_BOUND('',#410,.T.);
#262=FACE_OUTER_BOUND('',#412,.T.);
#263=FACE_OUTER_BOUND('',#413,.T.);
#264=FACE_OUTER_BOUND('',#414,.T.);
#265=FACE_OUTER_BOUND('',#415,.T.);
#266=FACE_OUTER_BOUND('',#416,.T.);
#267=FACE_OUTER_BOUND('',#417,.T.);
#268=FACE_OUTER_BOUND('',#418,.T.);
#269=FACE_OUTER_BOUND('',#419,.T.);
#270=FACE_OUTER_BOUND('',#420,.T.);
#271=FACE_OUTER_BOUND('',#421,.T.);
#272=FACE_OUTER_BOUND('',#422,.T.);
#273=FACE_OUTER_BOUND('',#423,.T.);
#274=FACE_OUTER_BOUND('',#424,.T.);
#275=FACE_OUTER_BOUND('',#425,.T.);
#276=FACE_OUTER_BOUND('',#426,.T.);
#277=FACE_OUTER_BOUND('',#427,.T.);
#278=FACE_OUTER_BOUND('',#428,.T.);
#279=FACE_OUTER_BOUND('',#429,.T.);
#280=FACE_OUTER_BOUND('',#435,.T.);
#281=FACE_OUTER_BOUND('',#436,.T.);
#282=FACE_OUTER_BOUND('',#437,.T.);
#283=FACE_OUTER_BOUND('',#438,.T.);
#284=FACE_OUTER_BOUND('',#439,.T.);
#285=FACE_OUTER_BOUND('',#440,.T.);
#286=FACE_OUTER_BOUND('',#441,.T.);
#287=FACE_OUTER_BOUND('',#442,.T.);
#288=FACE_OUTER_BOUND('',#443,.T.);
#289=FACE_OUTER_BOUND('',#444,.T.);
#290=FACE_OUTER_BOUND('',#445,.T.);
#291=FACE_OUTER_BOUND('',#446,.T.);
#292=FACE_OUTER_BOUND('',#448,.T.);
#293=FACE_OUTER_BOUND('',#449,.T.);
#294=FACE_OUTER_BOUND('',#451,.T.);
#295=FACE_OUTER_BOUND('',#452,.T.);
#296=FACE_OUTER_BOUND('',#453,.T.);
#297=FACE_OUTER_BOUND('',#454,.T.);
#298=FACE_OUTER_BOUND('',#455,.T.);
#299=FACE_OUTER_BOUND('',#456,.T.);
#300=FACE_OUTER_BOUND('',#457,.T.);
#301=FACE_OUTER_BOUND('',#458,.T.);
#302=FACE_OUTER_BOUND('',#459,.T.);
#303=FACE_OUTER_BOUND('',#460,.T.);
#304=FACE_OUTER_BOUND('',#461,.T.);
#305=FACE_OUTER_BOUND('',#462,.T.);
#306=FACE_OUTER_BOUND('',#463,.T.);
#307=FACE_OUTER_BOUND('',#464,.T.);
#308=FACE_OUTER_BOUND('',#465,.T.);
#309=FACE_OUTER_BOUND('',#466,.T.);
#310=FACE_OUTER_BOUND('',#467,.T.);
#311=FACE_OUTER_BOUND('',#468,.T.);
#312=FACE_OUTER_BOUND('',#474,.T.);
#313=FACE_OUTER_BOUND('',#475,.T.);
#314=FACE_OUTER_BOUND('',#476,.T.);
#315=FACE_OUTER_BOUND('',#477,.T.);
#316=FACE_OUTER_BOUND('',#478,.T.);
#317=FACE_OUTER_BOUND('',#479,.T.);
#318=EDGE_LOOP('',(#480,#481,#482,#483));
#319=EDGE_LOOP('',(#484,#485,#486,#487));
#320=EDGE_LOOP('',(#488,#489,#490,#491));
#321=EDGE_LOOP('',(#492,#493,#494,#495));
#322=EDGE_LOOP('',(#496,#497,#498,#499));
#323=EDGE_LOOP('',(#500,#501,#502,#503));
#324=EDGE_LOOP('',(#504,#505,#506,#507));
#325=EDGE_LOOP('',(#508,#509,#510,#511));
#326=EDGE_LOOP('',(#512,#513));
#327=EDGE_LOOP('',(#514,#515));
#328=EDGE_LOOP('',(#516,#517,#518,#519,#520,#521,#522,#523));
#329=EDGE_LOOP('',(#524,#525,#526,#527,#528,#529,#530,#531));
#330=EDGE_LOOP('',(#532,#533,#534,#535));
#331=EDGE_LOOP('',(#536,#537));
#332=EDGE_LOOP('',(#538,#539,#540,#541));
#333=EDGE_LOOP('',(#542,#543));
#334=EDGE_LOOP('',(#544,#545,#546,#547));
#335=EDGE_LOOP('',(#548,#549,#550,#551));
#336=EDGE_LOOP('',(#552,#553,#554,#555));
#337=EDGE_LOOP('',(#556,#557,#558,#559));
#338=EDGE_LOOP('',(#560,#561,#562,#563));
#339=EDGE_LOOP('',(#564,#565,#566,#567));
#340=EDGE_LOOP('',(#568,#569,#570,#571));
#341=EDGE_LOOP('',(#572,#573,#574,#575,#576,#577,#578,#579,#580,#581,#582,
#583));
#342=EDGE_LOOP('',(#584,#585));
#343=EDGE_LOOP('',(#586,#587));
#344=EDGE_LOOP('',(#588,#589));
#345=EDGE_LOOP('',(#590,#591));
#346=EDGE_LOOP('',(#592,#593));
#347=EDGE_LOOP('',(#594,#595,#596,#597,#598,#599,#600,#601,#602,#603,#604,
#605));
#348=EDGE_LOOP('',(#606,#607));
#349=EDGE_LOOP('',(#608,#609));
#350=EDGE_LOOP('',(#610,#611));
#351=EDGE_LOOP('',(#612,#613));
#352=EDGE_LOOP('',(#614,#615));
#353=EDGE_LOOP('',(#616,#617,#618,#619));
#354=EDGE_LOOP('',(#620,#621));
#355=EDGE_LOOP('',(#622,#623,#624,#625));
#356=EDGE_LOOP('',(#626,#627));
#357=EDGE_LOOP('',(#628,#629,#630,#631));
#358=EDGE_LOOP('',(#632,#633));
#359=EDGE_LOOP('',(#634,#635,#636,#637));
#360=EDGE_LOOP('',(#638,#639));
#361=EDGE_LOOP('',(#640,#641,#642,#643));
#362=EDGE_LOOP('',(#644,#645));
#363=EDGE_LOOP('',(#646,#647,#648,#649));
#364=EDGE_LOOP('',(#650,#651));
#365=EDGE_LOOP('',(#652,#653,#654,#655));
#366=EDGE_LOOP('',(#656,#657));
#367=EDGE_LOOP('',(#658,#659,#660,#661));
#368=EDGE_LOOP('',(#662,#663));
#369=EDGE_LOOP('',(#664,#665,#666,#667));
#370=EDGE_LOOP('',(#668,#669,#670,#671));
#371=EDGE_LOOP('',(#672,#673,#674,#675));
#372=EDGE_LOOP('',(#676,#677,#678,#679));
#373=EDGE_LOOP('',(#680,#681,#682,#683));
#374=EDGE_LOOP('',(#684,#685,#686,#687));
#375=EDGE_LOOP('',(#688,#689,#690,#691));
#376=EDGE_LOOP('',(#692,#693,#694,#695));
#377=EDGE_LOOP('',(#696,#697,#698,#699));
#378=EDGE_LOOP('',(#700,#701,#702,#703));
#379=EDGE_LOOP('',(#704,#705,#706,#707));
#380=EDGE_LOOP('',(#708,#709,#710,#711));
#381=EDGE_LOOP('',(#712,#713,#714,#715));
#382=EDGE_LOOP('',(#716,#717,#718,#719));
#383=EDGE_LOOP('',(#720,#721,#722,#723));
#384=EDGE_LOOP('',(#724,#725,#726,#727));
#385=EDGE_LOOP('',(#728,#729,#730,#731));
#386=EDGE_LOOP('',(#732,#733,#734,#735));
#387=EDGE_LOOP('',(#736,#737));
#388=EDGE_LOOP('',(#738,#739));
#389=EDGE_LOOP('',(#740,#741));
#390=EDGE_LOOP('',(#742,#743));
#391=EDGE_LOOP('',(#744,#745,#746,#747));
#392=EDGE_LOOP('',(#748,#749,#750,#751));
#393=EDGE_LOOP('',(#752,#753,#754,#755));
#394=EDGE_LOOP('',(#756,#757,#758,#759));
#395=EDGE_LOOP('',(#760,#761));
#396=EDGE_LOOP('',(#762,#763));
#397=EDGE_LOOP('',(#764,#765));
#398=EDGE_LOOP('',(#766,#767));
#399=EDGE_LOOP('',(#768,#769,#770,#771));
#400=EDGE_LOOP('',(#772,#773,#774,#775));
#401=EDGE_LOOP('',(#776,#777,#778,#779));
#402=EDGE_LOOP('',(#780,#781,#782,#783,#784,#785,#786,#787));
#403=EDGE_LOOP('',(#788,#789,#790,#791));
#404=EDGE_LOOP('',(#792,#793,#794,#795));
#405=EDGE_LOOP('',(#796,#797,#798,#799));
#406=EDGE_LOOP('',(#800,#801,#802,#803));
#407=EDGE_LOOP('',(#804,#805,#806,#807,#808));
#408=EDGE_LOOP('',(#809,#810));
#409=EDGE_LOOP('',(#811,#812,#813,#814));
#410=EDGE_LOOP('',(#815,#816));
#411=EDGE_LOOP('',(#817,#818));
#412=EDGE_LOOP('',(#819,#820,#821,#822));
#413=EDGE_LOOP('',(#823,#824,#825,#826));
#414=EDGE_LOOP('',(#827,#828));
#415=EDGE_LOOP('',(#829,#830,#831,#832));
#416=EDGE_LOOP('',(#833,#834));
#417=EDGE_LOOP('',(#835,#836,#837,#838));
#418=EDGE_LOOP('',(#839,#840));
#419=EDGE_LOOP('',(#841,#842,#843,#844));
#420=EDGE_LOOP('',(#845,#846));
#421=EDGE_LOOP('',(#847,#848,#849,#850));
#422=EDGE_LOOP('',(#851,#852,#853,#854));
#423=EDGE_LOOP('',(#855,#856,#857,#858));
#424=EDGE_LOOP('',(#859,#860,#861,#862));
#425=EDGE_LOOP('',(#863,#864,#865,#866));
#426=EDGE_LOOP('',(#867,#868,#869,#870));
#427=EDGE_LOOP('',(#871,#872,#873,#874));
#428=EDGE_LOOP('',(#875,#876,#877,#878,#879,#880,#881,#882));
#429=EDGE_LOOP('',(#883,#884,#885,#886,#887,#888,#889,#890,#891,#892,#893,
#894,#895));
#430=EDGE_LOOP('',(#896,#897));
#431=EDGE_LOOP('',(#898,#899));
#432=EDGE_LOOP('',(#900,#901));
#433=EDGE_LOOP('',(#902,#903));
#434=EDGE_LOOP('',(#904,#905));
#435=EDGE_LOOP('',(#906,#907,#908,#909));
#436=EDGE_LOOP('',(#910,#911,#912,#913));
#437=EDGE_LOOP('',(#914,#915,#916,#917));
#438=EDGE_LOOP('',(#918,#919,#920,#921));
#439=EDGE_LOOP('',(#922,#923,#924,#925));
#440=EDGE_LOOP('',(#926,#927,#928,#929));
#441=EDGE_LOOP('',(#930,#931,#932,#933,#934,#935,#936,#937));
#442=EDGE_LOOP('',(#938,#939,#940,#941));
#443=EDGE_LOOP('',(#942,#943,#944,#945));
#444=EDGE_LOOP('',(#946,#947,#948,#949));
#445=EDGE_LOOP('',(#950,#951,#952,#953));
#446=EDGE_LOOP('',(#954,#955,#956,#957,#958));
#447=EDGE_LOOP('',(#959,#960));
#448=EDGE_LOOP('',(#961,#962,#963,#964));
#449=EDGE_LOOP('',(#965,#966));
#450=EDGE_LOOP('',(#967,#968));
#451=EDGE_LOOP('',(#969,#970,#971,#972));
#452=EDGE_LOOP('',(#973,#974,#975,#976));
#453=EDGE_LOOP('',(#977,#978));
#454=EDGE_LOOP('',(#979,#980,#981,#982));
#455=EDGE_LOOP('',(#983,#984));
#456=EDGE_LOOP('',(#985,#986,#987,#988));
#457=EDGE_LOOP('',(#989,#990));
#458=EDGE_LOOP('',(#991,#992,#993,#994));
#459=EDGE_LOOP('',(#995,#996));
#460=EDGE_LOOP('',(#997,#998,#999,#1000));
#461=EDGE_LOOP('',(#1001,#1002,#1003,#1004));
#462=EDGE_LOOP('',(#1005,#1006,#1007,#1008));
#463=EDGE_LOOP('',(#1009,#1010,#1011,#1012));
#464=EDGE_LOOP('',(#1013,#1014,#1015,#1016));
#465=EDGE_LOOP('',(#1017,#1018,#1019,#1020));
#466=EDGE_LOOP('',(#1021,#1022,#1023,#1024));
#467=EDGE_LOOP('',(#1025,#1026,#1027,#1028,#1029,#1030,#1031,#1032));
#468=EDGE_LOOP('',(#1033,#1034,#1035,#1036,#1037,#1038,#1039,#1040,#1041,
#1042,#1043,#1044,#1045));
#469=EDGE_LOOP('',(#1046,#1047));
#470=EDGE_LOOP('',(#1048,#1049));
#471=EDGE_LOOP('',(#1050,#1051));
#472=EDGE_LOOP('',(#1052,#1053));
#473=EDGE_LOOP('',(#1054,#1055));
#474=EDGE_LOOP('',(#1056,#1057,#1058,#1059));
#475=EDGE_LOOP('',(#1060,#1061,#1062,#1063));
#476=EDGE_LOOP('',(#1064,#1065,#1066,#1067));
#477=EDGE_LOOP('',(#1068,#1069,#1070,#1071));
#478=EDGE_LOOP('',(#1072,#1073,#1074,#1075));
#479=EDGE_LOOP('',(#1076,#1077,#1078,#1079));
#480=ORIENTED_EDGE('',*,*,#1080,.T.);
#481=ORIENTED_EDGE('',*,*,#1081,.T.);
#482=ORIENTED_EDGE('',*,*,#1082,.F.);
#483=ORIENTED_EDGE('',*,*,#1083,.F.);
#484=ORIENTED_EDGE('',*,*,#1084,.T.);
#485=ORIENTED_EDGE('',*,*,#1085,.T.);
#486=ORIENTED_EDGE('',*,*,#1086,.F.);
#487=ORIENTED_EDGE('',*,*,#1081,.F.);
#488=ORIENTED_EDGE('',*,*,#1087,.T.);
#489=ORIENTED_EDGE('',*,*,#1088,.T.);
#490=ORIENTED_EDGE('',*,*,#1089,.F.);
#491=ORIENTED_EDGE('',*,*,#1085,.F.);
#492=ORIENTED_EDGE('',*,*,#1090,.T.);
#493=ORIENTED_EDGE('',*,*,#1091,.T.);
#494=ORIENTED_EDGE('',*,*,#1092,.F.);
#495=ORIENTED_EDGE('',*,*,#1088,.F.);
#496=ORIENTED_EDGE('',*,*,#1093,.T.);
#497=ORIENTED_EDGE('',*,*,#1094,.T.);
#498=ORIENTED_EDGE('',*,*,#1095,.F.);
#499=ORIENTED_EDGE('',*,*,#1091,.F.);
#500=ORIENTED_EDGE('',*,*,#1096,.T.);
#501=ORIENTED_EDGE('',*,*,#1097,.T.);
#502=ORIENTED_EDGE('',*,*,#1098,.F.);
#503=ORIENTED_EDGE('',*,*,#1094,.F.);
#504=ORIENTED_EDGE('',*,*,#1099,.T.);
#505=ORIENTED_EDGE('',*,*,#1100,.T.);
#506=ORIENTED_EDGE('',*,*,#1101,.F.);
#507=ORIENTED_EDGE('',*,*,#1097,.F.);
#508=ORIENTED_EDGE('',*,*,#1102,.T.);
#509=ORIENTED_EDGE('',*,*,#1083,.T.);
#510=ORIENTED_EDGE('',*,*,#1103,.F.);
#511=ORIENTED_EDGE('',*,*,#1100,.F.);
#512=ORIENTED_EDGE('',*,*,#1104,.T.);
#513=ORIENTED_EDGE('',*,*,#1111,.T.);
#514=ORIENTED_EDGE('',*,*,#1107,.T.);
#515=ORIENTED_EDGE('',*,*,#1114,.T.);
#516=ORIENTED_EDGE('',*,*,#1102,.F.);
#517=ORIENTED_EDGE('',*,*,#1099,.F.);
#518=ORIENTED_EDGE('',*,*,#1096,.F.);
#519=ORIENTED_EDGE('',*,*,#1093,.F.);
#520=ORIENTED_EDGE('',*,*,#1090,.F.);
#521=ORIENTED_EDGE('',*,*,#1087,.F.);
#522=ORIENTED_EDGE('',*,*,#1084,.F.);
#523=ORIENTED_EDGE('',*,*,#1080,.F.);
#524=ORIENTED_EDGE('',*,*,#1082,.T.);
#525=ORIENTED_EDGE('',*,*,#1086,.T.);
#526=ORIENTED_EDGE('',*,*,#1089,.T.);
#527=ORIENTED_EDGE('',*,*,#1092,.T.);
#528=ORIENTED_EDGE('',*,*,#1095,.T.);
#529=ORIENTED_EDGE('',*,*,#1098,.T.);
#530=ORIENTED_EDGE('',*,*,#1101,.T.);
#531=ORIENTED_EDGE('',*,*,#1103,.T.);
#532=ORIENTED_EDGE('',*,*,#1104,.F.);
#533=ORIENTED_EDGE('',*,*,#1105,.T.);
#534=ORIENTED_EDGE('',*,*,#1106,.T.);
#535=ORIENTED_EDGE('',*,*,#1110,.F.);
#536=ORIENTED_EDGE('',*,*,#1112,.F.);
#537=ORIENTED_EDGE('',*,*,#1106,.F.);
#538=ORIENTED_EDGE('',*,*,#1107,.F.);
#539=ORIENTED_EDGE('',*,*,#1108,.T.);
#540=ORIENTED_EDGE('',*,*,#1109,.T.);
#541=ORIENTED_EDGE('',*,*,#1113,.F.);
#542=ORIENTED_EDGE('',*,*,#1115,.F.);
#543=ORIENTED_EDGE('',*,*,#1109,.F.);
#544=ORIENTED_EDGE('',*,*,#1110,.T.);
#545=ORIENTED_EDGE('',*,*,#1112,.T.);
#546=ORIENTED_EDGE('',*,*,#1105,.F.);
#547=ORIENTED_EDGE('',*,*,#1111,.F.);
#548=ORIENTED_EDGE('',*,*,#1113,.T.);
#549=ORIENTED_EDGE('',*,*,#1115,.T.);
#550=ORIENTED_EDGE('',*,*,#1108,.F.);
#551=ORIENTED_EDGE('',*,*,#1114,.F.);
#552=ORIENTED_EDGE('',*,*,#1116,.T.);
#553=ORIENTED_EDGE('',*,*,#1117,.T.);
#554=ORIENTED_EDGE('',*,*,#1118,.F.);
#555=ORIENTED_EDGE('',*,*,#1119,.F.);
#556=ORIENTED_EDGE('',*,*,#1155,.T.);
#557=ORIENTED_EDGE('',*,*,#1171,.T.);
#558=ORIENTED_EDGE('',*,*,#1121,.T.);
#559=ORIENTED_EDGE('',*,*,#1172,.F.);
#560=ORIENTED_EDGE('',*,*,#1123,.T.);
#561=ORIENTED_EDGE('',*,*,#1124,.T.);
#562=ORIENTED_EDGE('',*,*,#1125,.F.);
#563=ORIENTED_EDGE('',*,*,#1121,.F.);
#564=ORIENTED_EDGE('',*,*,#1126,.T.);
#565=ORIENTED_EDGE('',*,*,#1119,.T.);
#566=ORIENTED_EDGE('',*,*,#1127,.F.);
#567=ORIENTED_EDGE('',*,*,#1124,.F.);
#568=ORIENTED_EDGE('',*,*,#1179,.T.);
#569=ORIENTED_EDGE('',*,*,#1130,.F.);
#570=ORIENTED_EDGE('',*,*,#1129,.F.);
#571=ORIENTED_EDGE('',*,*,#1128,.T.);
#572=ORIENTED_EDGE('',*,*,#1160,.F.);
#573=ORIENTED_EDGE('',*,*,#1120,.F.);
#574=ORIENTED_EDGE('',*,*,#1116,.F.);
#575=ORIENTED_EDGE('',*,*,#1126,.F.);
#576=ORIENTED_EDGE('',*,*,#1123,.F.);
#577=ORIENTED_EDGE('',*,*,#1171,.F.);
#578=ORIENTED_EDGE('',*,*,#1159,.F.);
#579=ORIENTED_EDGE('',*,*,#1158,.F.);
#580=ORIENTED_EDGE('',*,*,#1157,.F.);
#581=ORIENTED_EDGE('',*,*,#1163,.F.);
#582=ORIENTED_EDGE('',*,*,#1162,.F.);
#583=ORIENTED_EDGE('',*,*,#1161,.F.);
#584=ORIENTED_EDGE('',*,*,#1180,.F.);
#585=ORIENTED_EDGE('',*,*,#1128,.F.);
#586=ORIENTED_EDGE('',*,*,#1140,.T.);
#587=ORIENTED_EDGE('',*,*,#1192,.T.);
#588=ORIENTED_EDGE('',*,*,#1143,.T.);
#589=ORIENTED_EDGE('',*,*,#1195,.T.);
#590=ORIENTED_EDGE('',*,*,#1146,.T.);
#591=ORIENTED_EDGE('',*,*,#1198,.T.);
#592=ORIENTED_EDGE('',*,*,#1149,.T.);
#593=ORIENTED_EDGE('',*,*,#1201,.T.);
#594=ORIENTED_EDGE('',*,*,#1170,.T.);
#595=ORIENTED_EDGE('',*,*,#1164,.T.);
#596=ORIENTED_EDGE('',*,*,#1165,.T.);
#597=ORIENTED_EDGE('',*,*,#1166,.T.);
#598=ORIENTED_EDGE('',*,*,#1172,.T.);
#599=ORIENTED_EDGE('',*,*,#1125,.T.);
#600=ORIENTED_EDGE('',*,*,#1127,.T.);
#601=ORIENTED_EDGE('',*,*,#1118,.T.);
#602=ORIENTED_EDGE('',*,*,#1122,.T.);
#603=ORIENTED_EDGE('',*,*,#1167,.T.);
#604=ORIENTED_EDGE('',*,*,#1168,.T.);
#605=ORIENTED_EDGE('',*,*,#1169,.T.);
#606=ORIENTED_EDGE('',*,*,#1130,.T.);
#607=ORIENTED_EDGE('',*,*,#1181,.T.);
#608=ORIENTED_EDGE('',*,*,#1131,.T.);
#609=ORIENTED_EDGE('',*,*,#1183,.T.);
#610=ORIENTED_EDGE('',*,*,#1134,.T.);
#611=ORIENTED_EDGE('',*,*,#1186,.T.);
#612=ORIENTED_EDGE('',*,*,#1137,.T.);
#613=ORIENTED_EDGE('',*,*,#1189,.T.);
#614=ORIENTED_EDGE('',*,*,#1152,.T.);
#615=ORIENTED_EDGE('',*,*,#1204,.T.);
#616=ORIENTED_EDGE('',*,*,#1131,.F.);
#617=ORIENTED_EDGE('',*,*,#1132,.T.);
#618=ORIENTED_EDGE('',*,*,#1133,.T.);
#619=ORIENTED_EDGE('',*,*,#1182,.F.);
#620=ORIENTED_EDGE('',*,*,#1184,.F.);
#621=ORIENTED_EDGE('',*,*,#1133,.F.);
#622=ORIENTED_EDGE('',*,*,#1134,.F.);
#623=ORIENTED_EDGE('',*,*,#1135,.T.);
#624=ORIENTED_EDGE('',*,*,#1136,.T.);
#625=ORIENTED_EDGE('',*,*,#1185,.F.);
#626=ORIENTED_EDGE('',*,*,#1187,.F.);
#627=ORIENTED_EDGE('',*,*,#1136,.F.);
#628=ORIENTED_EDGE('',*,*,#1137,.F.);
#629=ORIENTED_EDGE('',*,*,#1138,.T.);
#630=ORIENTED_EDGE('',*,*,#1139,.T.);
#631=ORIENTED_EDGE('',*,*,#1188,.F.);
#632=ORIENTED_EDGE('',*,*,#1190,.F.);
#633=ORIENTED_EDGE('',*,*,#1139,.F.);
#634=ORIENTED_EDGE('',*,*,#1140,.F.);
#635=ORIENTED_EDGE('',*,*,#1141,.T.);
#636=ORIENTED_EDGE('',*,*,#1142,.T.);
#637=ORIENTED_EDGE('',*,*,#1191,.F.);
#638=ORIENTED_EDGE('',*,*,#1193,.F.);
#639=ORIENTED_EDGE('',*,*,#1142,.F.);
#640=ORIENTED_EDGE('',*,*,#1143,.F.);
#641=ORIENTED_EDGE('',*,*,#1144,.T.);
#642=ORIENTED_EDGE('',*,*,#1145,.T.);
#643=ORIENTED_EDGE('',*,*,#1194,.F.);
#644=ORIENTED_EDGE('',*,*,#1196,.F.);
#645=ORIENTED_EDGE('',*,*,#1145,.F.);
#646=ORIENTED_EDGE('',*,*,#1146,.F.);
#647=ORIENTED_EDGE('',*,*,#1147,.T.);
#648=ORIENTED_EDGE('',*,*,#1148,.T.);
#649=ORIENTED_EDGE('',*,*,#1197,.F.);
#650=ORIENTED_EDGE('',*,*,#1199,.F.);
#651=ORIENTED_EDGE('',*,*,#1148,.F.);
#652=ORIENTED_EDGE('',*,*,#1149,.F.);
#653=ORIENTED_EDGE('',*,*,#1150,.T.);
#654=ORIENTED_EDGE('',*,*,#1151,.T.);
#655=ORIENTED_EDGE('',*,*,#1200,.F.);
#656=ORIENTED_EDGE('',*,*,#1202,.F.);
#657=ORIENTED_EDGE('',*,*,#1151,.F.);
#658=ORIENTED_EDGE('',*,*,#1152,.F.);
#659=ORIENTED_EDGE('',*,*,#1153,.T.);
#660=ORIENTED_EDGE('',*,*,#1154,.T.);
#661=ORIENTED_EDGE('',*,*,#1203,.F.);
#662=ORIENTED_EDGE('',*,*,#1205,.F.);
#663=ORIENTED_EDGE('',*,*,#1154,.F.);
#664=ORIENTED_EDGE('',*,*,#1122,.F.);
#665=ORIENTED_EDGE('',*,*,#1117,.F.);
#666=ORIENTED_EDGE('',*,*,#1120,.T.);
#667=ORIENTED_EDGE('',*,*,#1156,.F.);
#668=ORIENTED_EDGE('',*,*,#1174,.T.);
#669=ORIENTED_EDGE('',*,*,#1157,.T.);
#670=ORIENTED_EDGE('',*,*,#1173,.F.);
#671=ORIENTED_EDGE('',*,*,#1164,.F.);
#672=ORIENTED_EDGE('',*,*,#1158,.T.);
#673=ORIENTED_EDGE('',*,*,#1175,.F.);
#674=ORIENTED_EDGE('',*,*,#1165,.F.);
#675=ORIENTED_EDGE('',*,*,#1173,.T.);
#676=ORIENTED_EDGE('',*,*,#1159,.T.);
#677=ORIENTED_EDGE('',*,*,#1155,.F.);
#678=ORIENTED_EDGE('',*,*,#1166,.F.);
#679=ORIENTED_EDGE('',*,*,#1175,.T.);
#680=ORIENTED_EDGE('',*,*,#1156,.T.);
#681=ORIENTED_EDGE('',*,*,#1160,.T.);
#682=ORIENTED_EDGE('',*,*,#1176,.F.);
#683=ORIENTED_EDGE('',*,*,#1167,.F.);
#684=ORIENTED_EDGE('',*,*,#1161,.T.);
#685=ORIENTED_EDGE('',*,*,#1177,.F.);
#686=ORIENTED_EDGE('',*,*,#1168,.F.);
#687=ORIENTED_EDGE('',*,*,#1176,.T.);
#688=ORIENTED_EDGE('',*,*,#1162,.T.);
#689=ORIENTED_EDGE('',*,*,#1178,.F.);
#690=ORIENTED_EDGE('',*,*,#1169,.F.);
#691=ORIENTED_EDGE('',*,*,#1177,.T.);
#692=ORIENTED_EDGE('',*,*,#1178,.T.);
#693=ORIENTED_EDGE('',*,*,#1163,.T.);
#694=ORIENTED_EDGE('',*,*,#1174,.F.);
#695=ORIENTED_EDGE('',*,*,#1170,.F.);
#696=ORIENTED_EDGE('',*,*,#1180,.T.);
#697=ORIENTED_EDGE('',*,*,#1129,.T.);
#698=ORIENTED_EDGE('',*,*,#1181,.F.);
#699=ORIENTED_EDGE('',*,*,#1179,.F.);
#700=ORIENTED_EDGE('',*,*,#1182,.T.);
#701=ORIENTED_EDGE('',*,*,#1184,.T.);
#702=ORIENTED_EDGE('',*,*,#1132,.F.);
#703=ORIENTED_EDGE('',*,*,#1183,.F.);
#704=ORIENTED_EDGE('',*,*,#1185,.T.);
#705=ORIENTED_EDGE('',*,*,#1187,.T.);
#706=ORIENTED_EDGE('',*,*,#1135,.F.);
#707=ORIENTED_EDGE('',*,*,#1186,.F.);
#708=ORIENTED_EDGE('',*,*,#1188,.T.);
#709=ORIENTED_EDGE('',*,*,#1190,.T.);
#710=ORIENTED_EDGE('',*,*,#1138,.F.);
#711=ORIENTED_EDGE('',*,*,#1189,.F.);
#712=ORIENTED_EDGE('',*,*,#1191,.T.);
#713=ORIENTED_EDGE('',*,*,#1193,.T.);
#714=ORIENTED_EDGE('',*,*,#1141,.F.);
#715=ORIENTED_EDGE('',*,*,#1192,.F.);
#716=ORIENTED_EDGE('',*,*,#1194,.T.);
#717=ORIENTED_EDGE('',*,*,#1196,.T.);
#718=ORIENTED_EDGE('',*,*,#1144,.F.);
#719=ORIENTED_EDGE('',*,*,#1195,.F.);
#720=ORIENTED_EDGE('',*,*,#1197,.T.);
#721=ORIENTED_EDGE('',*,*,#1199,.T.);
#722=ORIENTED_EDGE('',*,*,#1147,.F.);
#723=ORIENTED_EDGE('',*,*,#1198,.F.);
#724=ORIENTED_EDGE('',*,*,#1200,.T.);
#725=ORIENTED_EDGE('',*,*,#1202,.T.);
#726=ORIENTED_EDGE('',*,*,#1150,.F.);
#727=ORIENTED_EDGE('',*,*,#1201,.F.);
#728=ORIENTED_EDGE('',*,*,#1203,.T.);
#729=ORIENTED_EDGE('',*,*,#1205,.T.);
#730=ORIENTED_EDGE('',*,*,#1153,.F.);
#731=ORIENTED_EDGE('',*,*,#1204,.F.);
#732=ORIENTED_EDGE('',*,*,#1212,.T.);
#733=ORIENTED_EDGE('',*,*,#1208,.F.);
#734=ORIENTED_EDGE('',*,*,#1207,.F.);
#735=ORIENTED_EDGE('',*,*,#1206,.T.);
#736=ORIENTED_EDGE('',*,*,#1213,.F.);
#737=ORIENTED_EDGE('',*,*,#1206,.F.);
#738=ORIENTED_EDGE('',*,*,#1209,.T.);
#739=ORIENTED_EDGE('',*,*,#1216,.T.);
#740=ORIENTED_EDGE('',*,*,#1208,.T.);
#741=ORIENTED_EDGE('',*,*,#1214,.T.);
#742=ORIENTED_EDGE('',*,*,#1211,.T.);
#743=ORIENTED_EDGE('',*,*,#1217,.T.);
#744=ORIENTED_EDGE('',*,*,#1209,.F.);
#745=ORIENTED_EDGE('',*,*,#1210,.T.);
#746=ORIENTED_EDGE('',*,*,#1217,.F.);
#747=ORIENTED_EDGE('',*,*,#1215,.F.);
#748=ORIENTED_EDGE('',*,*,#1213,.T.);
#749=ORIENTED_EDGE('',*,*,#1207,.T.);
#750=ORIENTED_EDGE('',*,*,#1214,.F.);
#751=ORIENTED_EDGE('',*,*,#1212,.F.);
#752=ORIENTED_EDGE('',*,*,#1215,.T.);
#753=ORIENTED_EDGE('',*,*,#1211,.F.);
#754=ORIENTED_EDGE('',*,*,#1210,.F.);
#755=ORIENTED_EDGE('',*,*,#1216,.F.);
#756=ORIENTED_EDGE('',*,*,#1224,.T.);
#757=ORIENTED_EDGE('',*,*,#1220,.F.);
#758=ORIENTED_EDGE('',*,*,#1219,.F.);
#759=ORIENTED_EDGE('',*,*,#1218,.T.);
#760=ORIENTED_EDGE('',*,*,#1225,.F.);
#761=ORIENTED_EDGE('',*,*,#1218,.F.);
#762=ORIENTED_EDGE('',*,*,#1221,.T.);
#763=ORIENTED_EDGE('',*,*,#1228,.T.);
#764=ORIENTED_EDGE('',*,*,#1220,.T.);
#765=ORIENTED_EDGE('',*,*,#1226,.T.);
#766=ORIENTED_EDGE('',*,*,#1223,.T.);
#767=ORIENTED_EDGE('',*,*,#1229,.T.);
#768=ORIENTED_EDGE('',*,*,#1221,.F.);
#769=ORIENTED_EDGE('',*,*,#1222,.T.);
#770=ORIENTED_EDGE('',*,*,#1229,.F.);
#771=ORIENTED_EDGE('',*,*,#1227,.F.);
#772=ORIENTED_EDGE('',*,*,#1225,.T.);
#773=ORIENTED_EDGE('',*,*,#1219,.T.);
#774=ORIENTED_EDGE('',*,*,#1226,.F.);
#775=ORIENTED_EDGE('',*,*,#1224,.F.);
#776=ORIENTED_EDGE('',*,*,#1227,.T.);
#777=ORIENTED_EDGE('',*,*,#1223,.F.);
#778=ORIENTED_EDGE('',*,*,#1222,.F.);
#779=ORIENTED_EDGE('',*,*,#1228,.F.);
#780=ORIENTED_EDGE('',*,*,#1270,.T.);
#781=ORIENTED_EDGE('',*,*,#1273,.T.);
#782=ORIENTED_EDGE('',*,*,#1272,.F.);
#783=ORIENTED_EDGE('',*,*,#1286,.T.);
#784=ORIENTED_EDGE('',*,*,#1231,.T.);
#785=ORIENTED_EDGE('',*,*,#1232,.F.);
#786=ORIENTED_EDGE('',*,*,#1233,.F.);
#787=ORIENTED_EDGE('',*,*,#1230,.T.);
#788=ORIENTED_EDGE('',*,*,#1239,.T.);
#789=ORIENTED_EDGE('',*,*,#1235,.F.);
#790=ORIENTED_EDGE('',*,*,#1231,.F.);
#791=ORIENTED_EDGE('',*,*,#1234,.T.);
#792=ORIENTED_EDGE('',*,*,#1240,.T.);
#793=ORIENTED_EDGE('',*,*,#1241,.T.);
#794=ORIENTED_EDGE('',*,*,#1233,.T.);
#795=ORIENTED_EDGE('',*,*,#1242,.F.);
#796=ORIENTED_EDGE('',*,*,#1243,.T.);
#797=ORIENTED_EDGE('',*,*,#1237,.T.);
#798=ORIENTED_EDGE('',*,*,#1244,.F.);
#799=ORIENTED_EDGE('',*,*,#1239,.F.);
#800=ORIENTED_EDGE('',*,*,#1238,.F.);
#801=ORIENTED_EDGE('',*,*,#1237,.F.);
#802=ORIENTED_EDGE('',*,*,#1236,.T.);
#803=ORIENTED_EDGE('',*,*,#1240,.F.);
#804=ORIENTED_EDGE('',*,*,#1244,.T.);
#805=ORIENTED_EDGE('',*,*,#1238,.T.);
#806=ORIENTED_EDGE('',*,*,#1242,.T.);
#807=ORIENTED_EDGE('',*,*,#1232,.T.);
#808=ORIENTED_EDGE('',*,*,#1235,.T.);
#809=ORIENTED_EDGE('',*,*,#1247,.T.);
#810=ORIENTED_EDGE('',*,*,#1289,.T.);
#811=ORIENTED_EDGE('',*,*,#1245,.F.);
#812=ORIENTED_EDGE('',*,*,#1246,.T.);
#813=ORIENTED_EDGE('',*,*,#1289,.F.);
#814=ORIENTED_EDGE('',*,*,#1287,.F.);
#815=ORIENTED_EDGE('',*,*,#1245,.T.);
#816=ORIENTED_EDGE('',*,*,#1288,.T.);
#817=ORIENTED_EDGE('',*,*,#1249,.T.);
#818=ORIENTED_EDGE('',*,*,#1292,.T.);
#819=ORIENTED_EDGE('',*,*,#1291,.T.);
#820=ORIENTED_EDGE('',*,*,#1250,.T.);
#821=ORIENTED_EDGE('',*,*,#1292,.F.);
#822=ORIENTED_EDGE('',*,*,#1290,.F.);
#823=ORIENTED_EDGE('',*,*,#1251,.F.);
#824=ORIENTED_EDGE('',*,*,#1252,.T.);
#825=ORIENTED_EDGE('',*,*,#1253,.T.);
#826=ORIENTED_EDGE('',*,*,#1293,.F.);
#827=ORIENTED_EDGE('',*,*,#1295,.F.);
#828=ORIENTED_EDGE('',*,*,#1253,.F.);
#829=ORIENTED_EDGE('',*,*,#1254,.F.);
#830=ORIENTED_EDGE('',*,*,#1255,.T.);
#831=ORIENTED_EDGE('',*,*,#1256,.T.);
#832=ORIENTED_EDGE('',*,*,#1296,.F.);
#833=ORIENTED_EDGE('',*,*,#1298,.F.);
#834=ORIENTED_EDGE('',*,*,#1256,.F.);
#835=ORIENTED_EDGE('',*,*,#1257,.F.);
#836=ORIENTED_EDGE('',*,*,#1258,.T.);
#837=ORIENTED_EDGE('',*,*,#1259,.T.);
#838=ORIENTED_EDGE('',*,*,#1299,.F.);
#839=ORIENTED_EDGE('',*,*,#1301,.F.);
#840=ORIENTED_EDGE('',*,*,#1259,.F.);
#841=ORIENTED_EDGE('',*,*,#1260,.F.);
#842=ORIENTED_EDGE('',*,*,#1261,.T.);
#843=ORIENTED_EDGE('',*,*,#1262,.T.);
#844=ORIENTED_EDGE('',*,*,#1302,.F.);
#845=ORIENTED_EDGE('',*,*,#1304,.F.);
#846=ORIENTED_EDGE('',*,*,#1262,.F.);
#847=ORIENTED_EDGE('',*,*,#1266,.T.);
#848=ORIENTED_EDGE('',*,*,#1265,.T.);
#849=ORIENTED_EDGE('',*,*,#1264,.F.);
#850=ORIENTED_EDGE('',*,*,#1263,.F.);
#851=ORIENTED_EDGE('',*,*,#1264,.T.);
#852=ORIENTED_EDGE('',*,*,#1269,.T.);
#853=ORIENTED_EDGE('',*,*,#1268,.F.);
#854=ORIENTED_EDGE('',*,*,#1267,.F.);
#855=ORIENTED_EDGE('',*,*,#1268,.T.);
#856=ORIENTED_EDGE('',*,*,#1271,.T.);
#857=ORIENTED_EDGE('',*,*,#1270,.F.);
#858=ORIENTED_EDGE('',*,*,#1283,.F.);
#859=ORIENTED_EDGE('',*,*,#1272,.T.);
#860=ORIENTED_EDGE('',*,*,#1275,.T.);
#861=ORIENTED_EDGE('',*,*,#1274,.F.);
#862=ORIENTED_EDGE('',*,*,#1284,.F.);
#863=ORIENTED_EDGE('',*,*,#1274,.T.);
#864=ORIENTED_EDGE('',*,*,#1278,.T.);
#865=ORIENTED_EDGE('',*,*,#1277,.F.);
#866=ORIENTED_EDGE('',*,*,#1276,.F.);
#867=ORIENTED_EDGE('',*,*,#1277,.T.);
#868=ORIENTED_EDGE('',*,*,#1281,.T.);
#869=ORIENTED_EDGE('',*,*,#1280,.F.);
#870=ORIENTED_EDGE('',*,*,#1279,.F.);
#871=ORIENTED_EDGE('',*,*,#1280,.T.);
#872=ORIENTED_EDGE('',*,*,#1282,.T.);
#873=ORIENTED_EDGE('',*,*,#1266,.F.);
#874=ORIENTED_EDGE('',*,*,#1285,.F.);
#875=ORIENTED_EDGE('',*,*,#1282,.F.);
#876=ORIENTED_EDGE('',*,*,#1281,.F.);
#877=ORIENTED_EDGE('',*,*,#1278,.F.);
#878=ORIENTED_EDGE('',*,*,#1275,.F.);
#879=ORIENTED_EDGE('',*,*,#1273,.F.);
#880=ORIENTED_EDGE('',*,*,#1271,.F.);
#881=ORIENTED_EDGE('',*,*,#1269,.F.);
#882=ORIENTED_EDGE('',*,*,#1265,.F.);
#883=ORIENTED_EDGE('',*,*,#1263,.T.);
#884=ORIENTED_EDGE('',*,*,#1267,.T.);
#885=ORIENTED_EDGE('',*,*,#1283,.T.);
#886=ORIENTED_EDGE('',*,*,#1230,.F.);
#887=ORIENTED_EDGE('',*,*,#1241,.F.);
#888=ORIENTED_EDGE('',*,*,#1236,.F.);
#889=ORIENTED_EDGE('',*,*,#1243,.F.);
#890=ORIENTED_EDGE('',*,*,#1234,.F.);
#891=ORIENTED_EDGE('',*,*,#1286,.F.);
#892=ORIENTED_EDGE('',*,*,#1284,.T.);
#893=ORIENTED_EDGE('',*,*,#1276,.T.);
#894=ORIENTED_EDGE('',*,*,#1279,.T.);
#895=ORIENTED_EDGE('',*,*,#1285,.T.);
#896=ORIENTED_EDGE('',*,*,#1291,.F.);
#897=ORIENTED_EDGE('',*,*,#1248,.F.);
#898=ORIENTED_EDGE('',*,*,#1251,.T.);
#899=ORIENTED_EDGE('',*,*,#1294,.T.);
#900=ORIENTED_EDGE('',*,*,#1254,.T.);
#901=ORIENTED_EDGE('',*,*,#1297,.T.);
#902=ORIENTED_EDGE('',*,*,#1257,.T.);
#903=ORIENTED_EDGE('',*,*,#1300,.T.);
#904=ORIENTED_EDGE('',*,*,#1260,.T.);
#905=ORIENTED_EDGE('',*,*,#1303,.T.);
#906=ORIENTED_EDGE('',*,*,#1287,.T.);
#907=ORIENTED_EDGE('',*,*,#1247,.F.);
#908=ORIENTED_EDGE('',*,*,#1246,.F.);
#909=ORIENTED_EDGE('',*,*,#1288,.F.);
#910=ORIENTED_EDGE('',*,*,#1290,.T.);
#911=ORIENTED_EDGE('',*,*,#1249,.F.);
#912=ORIENTED_EDGE('',*,*,#1250,.F.);
#913=ORIENTED_EDGE('',*,*,#1248,.T.);
#914=ORIENTED_EDGE('',*,*,#1293,.T.);
#915=ORIENTED_EDGE('',*,*,#1295,.T.);
#916=ORIENTED_EDGE('',*,*,#1252,.F.);
#917=ORIENTED_EDGE('',*,*,#1294,.F.);
#918=ORIENTED_EDGE('',*,*,#1296,.T.);
#919=ORIENTED_EDGE('',*,*,#1298,.T.);
#920=ORIENTED_EDGE('',*,*,#1255,.F.);
#921=ORIENTED_EDGE('',*,*,#1297,.F.);
#922=ORIENTED_EDGE('',*,*,#1299,.T.);
#923=ORIENTED_EDGE('',*,*,#1301,.T.);
#924=ORIENTED_EDGE('',*,*,#1258,.F.);
#925=ORIENTED_EDGE('',*,*,#1300,.F.);
#926=ORIENTED_EDGE('',*,*,#1302,.T.);
#927=ORIENTED_EDGE('',*,*,#1304,.T.);
#928=ORIENTED_EDGE('',*,*,#1261,.F.);
#929=ORIENTED_EDGE('',*,*,#1303,.F.);
#930=ORIENTED_EDGE('',*,*,#1345,.T.);
#931=ORIENTED_EDGE('',*,*,#1348,.T.);
#932=ORIENTED_EDGE('',*,*,#1347,.F.);
#933=ORIENTED_EDGE('',*,*,#1361,.T.);
#934=ORIENTED_EDGE('',*,*,#1306,.T.);
#935=ORIENTED_EDGE('',*,*,#1307,.F.);
#936=ORIENTED_EDGE('',*,*,#1308,.F.);
#937=ORIENTED_EDGE('',*,*,#1305,.T.);
#938=ORIENTED_EDGE('',*,*,#1314,.T.);
#939=ORIENTED_EDGE('',*,*,#1310,.F.);
#940=ORIENTED_EDGE('',*,*,#1306,.F.);
#941=ORIENTED_EDGE('',*,*,#1309,.T.);
#942=ORIENTED_EDGE('',*,*,#1315,.T.);
#943=ORIENTED_EDGE('',*,*,#1316,.T.);
#944=ORIENTED_EDGE('',*,*,#1308,.T.);
#945=ORIENTED_EDGE('',*,*,#1317,.F.);
#946=ORIENTED_EDGE('',*,*,#1318,.T.);
#947=ORIENTED_EDGE('',*,*,#1312,.T.);
#948=ORIENTED_EDGE('',*,*,#1319,.F.);
#949=ORIENTED_EDGE('',*,*,#1314,.F.);
#950=ORIENTED_EDGE('',*,*,#1313,.F.);
#951=ORIENTED_EDGE('',*,*,#1312,.F.);
#952=ORIENTED_EDGE('',*,*,#1311,.T.);
#953=ORIENTED_EDGE('',*,*,#1315,.F.);
#954=ORIENTED_EDGE('',*,*,#1319,.T.);
#955=ORIENTED_EDGE('',*,*,#1313,.T.);
#956=ORIENTED_EDGE('',*,*,#1317,.T.);
#957=ORIENTED_EDGE('',*,*,#1307,.T.);
#958=ORIENTED_EDGE('',*,*,#1310,.T.);
#959=ORIENTED_EDGE('',*,*,#1322,.T.);
#960=ORIENTED_EDGE('',*,*,#1364,.T.);
#961=ORIENTED_EDGE('',*,*,#1320,.F.);
#962=ORIENTED_EDGE('',*,*,#1321,.T.);
#963=ORIENTED_EDGE('',*,*,#1364,.F.);
#964=ORIENTED_EDGE('',*,*,#1362,.F.);
#965=ORIENTED_EDGE('',*,*,#1320,.T.);
#966=ORIENTED_EDGE('',*,*,#1363,.T.);
#967=ORIENTED_EDGE('',*,*,#1324,.T.);
#968=ORIENTED_EDGE('',*,*,#1367,.T.);
#969=ORIENTED_EDGE('',*,*,#1366,.T.);
#970=ORIENTED_EDGE('',*,*,#1325,.T.);
#971=ORIENTED_EDGE('',*,*,#1367,.F.);
#972=ORIENTED_EDGE('',*,*,#1365,.F.);
#973=ORIENTED_EDGE('',*,*,#1326,.F.);
#974=ORIENTED_EDGE('',*,*,#1327,.T.);
#975=ORIENTED_EDGE('',*,*,#1328,.T.);
#976=ORIENTED_EDGE('',*,*,#1368,.F.);
#977=ORIENTED_EDGE('',*,*,#1370,.F.);
#978=ORIENTED_EDGE('',*,*,#1328,.F.);
#979=ORIENTED_EDGE('',*,*,#1329,.F.);
#980=ORIENTED_EDGE('',*,*,#1330,.T.);
#981=ORIENTED_EDGE('',*,*,#1331,.T.);
#982=ORIENTED_EDGE('',*,*,#1371,.F.);
#983=ORIENTED_EDGE('',*,*,#1373,.F.);
#984=ORIENTED_EDGE('',*,*,#1331,.F.);
#985=ORIENTED_EDGE('',*,*,#1332,.F.);
#986=ORIENTED_EDGE('',*,*,#1333,.T.);
#987=ORIENTED_EDGE('',*,*,#1334,.T.);
#988=ORIENTED_EDGE('',*,*,#1374,.F.);
#989=ORIENTED_EDGE('',*,*,#1376,.F.);
#990=ORIENTED_EDGE('',*,*,#1334,.F.);
#991=ORIENTED_EDGE('',*,*,#1335,.F.);
#992=ORIENTED_EDGE('',*,*,#1336,.T.);
#993=ORIENTED_EDGE('',*,*,#1337,.T.);
#994=ORIENTED_EDGE('',*,*,#1377,.F.);
#995=ORIENTED_EDGE('',*,*,#1379,.F.);
#996=ORIENTED_EDGE('',*,*,#1337,.F.);
#997=ORIENTED_EDGE('',*,*,#1341,.T.);
#998=ORIENTED_EDGE('',*,*,#1340,.T.);
#999=ORIENTED_EDGE('',*,*,#1339,.F.);
#1000=ORIENTED_EDGE('',*,*,#1338,.F.);
#1001=ORIENTED_EDGE('',*,*,#1339,.T.);
#1002=ORIENTED_EDGE('',*,*,#1344,.T.);
#1003=ORIENTED_EDGE('',*,*,#1343,.F.);
#1004=ORIENTED_EDGE('',*,*,#1342,.F.);
#1005=ORIENTED_EDGE('',*,*,#1343,.T.);
#1006=ORIENTED_EDGE('',*,*,#1346,.T.);
#1007=ORIENTED_EDGE('',*,*,#1345,.F.);
#1008=ORIENTED_EDGE('',*,*,#1358,.F.);
#1009=ORIENTED_EDGE('',*,*,#1347,.T.);
#1010=ORIENTED_EDGE('',*,*,#1350,.T.);
#1011=ORIENTED_EDGE('',*,*,#1349,.F.);
#1012=ORIENTED_EDGE('',*,*,#1359,.F.);
#1013=ORIENTED_EDGE('',*,*,#1349,.T.);
#1014=ORIENTED_EDGE('',*,*,#1353,.T.);
#1015=ORIENTED_EDGE('',*,*,#1352,.F.);
#1016=ORIENTED_EDGE('',*,*,#1351,.F.);
#1017=ORIENTED_EDGE('',*,*,#1352,.T.);
#1018=ORIENTED_EDGE('',*,*,#1356,.T.);
#1019=ORIENTED_EDGE('',*,*,#1355,.F.);
#1020=ORIENTED_EDGE('',*,*,#1354,.F.);
#1021=ORIENTED_EDGE('',*,*,#1355,.T.);
#1022=ORIENTED_EDGE('',*,*,#1357,.T.);
#1023=ORIENTED_EDGE('',*,*,#1341,.F.);
#1024=ORIENTED_EDGE('',*,*,#1360,.F.);
#1025=ORIENTED_EDGE('',*,*,#1357,.F.);
#1026=ORIENTED_EDGE('',*,*,#1356,.F.);
#1027=ORIENTED_EDGE('',*,*,#1353,.F.);
#1028=ORIENTED_EDGE('',*,*,#1350,.F.);
#1029=ORIENTED_EDGE('',*,*,#1348,.F.);
#1030=ORIENTED_EDGE('',*,*,#1346,.F.);
#1031=ORIENTED_EDGE('',*,*,#1344,.F.);
#1032=ORIENTED_EDGE('',*,*,#1340,.F.);
#1033=ORIENTED_EDGE('',*,*,#1338,.T.);
#1034=ORIENTED_EDGE('',*,*,#1342,.T.);
#1035=ORIENTED_EDGE('',*,*,#1358,.T.);
#1036=ORIENTED_EDGE('',*,*,#1305,.F.);
#1037=ORIENTED_EDGE('',*,*,#1316,.F.);
#1038=ORIENTED_EDGE('',*,*,#1311,.F.);
#1039=ORIENTED_EDGE('',*,*,#1318,.F.);
#1040=ORIENTED_EDGE('',*,*,#1309,.F.);
#1041=ORIENTED_EDGE('',*,*,#1361,.F.);
#1042=ORIENTED_EDGE('',*,*,#1359,.T.);
#1043=ORIENTED_EDGE('',*,*,#1351,.T.);
#1044=ORIENTED_EDGE('',*,*,#1354,.T.);
#1045=ORIENTED_EDGE('',*,*,#1360,.T.);
#1046=ORIENTED_EDGE('',*,*,#1366,.F.);
#1047=ORIENTED_EDGE('',*,*,#1323,.F.);
#1048=ORIENTED_EDGE('',*,*,#1326,.T.);
#1049=ORIENTED_EDGE('',*,*,#1369,.T.);
#1050=ORIENTED_EDGE('',*,*,#1329,.T.);
#1051=ORIENTED_EDGE('',*,*,#1372,.T.);
#1052=ORIENTED_EDGE('',*,*,#1332,.T.);
#1053=ORIENTED_EDGE('',*,*,#1375,.T.);
#1054=ORIENTED_EDGE('',*,*,#1335,.T.);
#1055=ORIENTED_EDGE('',*,*,#1378,.T.);
#1056=ORIENTED_EDGE('',*,*,#1362,.T.);
#1057=ORIENTED_EDGE('',*,*,#1322,.F.);
#1058=ORIENTED_EDGE('',*,*,#1321,.F.);
#1059=ORIENTED_EDGE('',*,*,#1363,.F.);
#1060=ORIENTED_EDGE('',*,*,#1365,.T.);
#1061=ORIENTED_EDGE('',*,*,#1324,.F.);
#1062=ORIENTED_EDGE('',*,*,#1325,.F.);
#1063=ORIENTED_EDGE('',*,*,#1323,.T.);
#1064=ORIENTED_EDGE('',*,*,#1368,.T.);
#1065=ORIENTED_EDGE('',*,*,#1370,.T.);
#1066=ORIENTED_EDGE('',*,*,#1327,.F.);
#1067=ORIENTED_EDGE('',*,*,#1369,.F.);
#1068=ORIENTED_EDGE('',*,*,#1371,.T.);
#1069=ORIENTED_EDGE('',*,*,#1373,.T.);
#1070=ORIENTED_EDGE('',*,*,#1330,.F.);
#1071=ORIENTED_EDGE('',*,*,#1372,.F.);
#1072=ORIENTED_EDGE('',*,*,#1374,.T.);
#1073=ORIENTED_EDGE('',*,*,#1376,.T.);
#1074=ORIENTED_EDGE('',*,*,#1333,.F.);
#1075=ORIENTED_EDGE('',*,*,#1375,.F.);
#1076=ORIENTED_EDGE('',*,*,#1377,.T.);
#1077=ORIENTED_EDGE('',*,*,#1379,.T.);
#1078=ORIENTED_EDGE('',*,*,#1336,.F.);
#1079=ORIENTED_EDGE('',*,*,#1378,.F.);
#1080=EDGE_CURVE('',#1814,#1815,#1546,.T.);
#1081=EDGE_CURVE('',#1815,#1816,#1478,.T.);
#1082=EDGE_CURVE('',#1817,#1816,#1547,.T.);
#1083=EDGE_CURVE('',#1814,#1817,#1479,.T.);
#1084=EDGE_CURVE('',#1815,#1818,#1380,.T.);
#1085=EDGE_CURVE('',#1818,#1819,#1381,.T.);
#1086=EDGE_CURVE('',#1816,#1819,#1382,.T.);
#1087=EDGE_CURVE('',#1818,#1820,#1383,.T.);
#1088=EDGE_CURVE('',#1820,#1821,#1384,.T.);
#1089=EDGE_CURVE('',#1819,#1821,#1385,.T.);
#1090=EDGE_CURVE('',#1820,#1822,#1386,.T.);
#1091=EDGE_CURVE('',#1822,#1823,#1387,.T.);
#1092=EDGE_CURVE('',#1821,#1823,#1388,.T.);
#1093=EDGE_CURVE('',#1822,#1824,#1389,.T.);
#1094=EDGE_CURVE('',#1824,#1825,#1390,.T.);
#1095=EDGE_CURVE('',#1823,#1825,#1391,.T.);
#1096=EDGE_CURVE('',#1824,#1826,#1392,.T.);
#1097=EDGE_CURVE('',#1826,#1827,#1393,.T.);
#1098=EDGE_CURVE('',#1825,#1827,#1394,.T.);
#1099=EDGE_CURVE('',#1826,#1828,#1548,.T.);
#1100=EDGE_CURVE('',#1828,#1829,#1480,.T.);
#1101=EDGE_CURVE('',#1827,#1829,#1549,.T.);
#1102=EDGE_CURVE('',#1828,#1814,#1395,.T.);
#1103=EDGE_CURVE('',#1829,#1817,#1396,.T.);
#1104=EDGE_CURVE('',#1831,#1834,#1550,.T.);
#1105=EDGE_CURVE('',#1831,#1830,#1481,.T.);
#1106=EDGE_CURVE('',#1830,#1835,#1551,.T.);
#1107=EDGE_CURVE('',#1833,#1836,#1552,.T.);
#1108=EDGE_CURVE('',#1833,#1832,#1482,.T.);
#1109=EDGE_CURVE('',#1832,#1837,#1553,.T.);
#1110=EDGE_CURVE('',#1834,#1835,#1483,.T.);
#1111=EDGE_CURVE('',#1834,#1831,#1554,.T.);
#1112=EDGE_CURVE('',#1835,#1830,#1555,.T.);
#1113=EDGE_CURVE('',#1836,#1837,#1484,.T.);
#1114=EDGE_CURVE('',#1836,#1833,#1556,.T.);
#1115=EDGE_CURVE('',#1837,#1832,#1557,.T.);
#1116=EDGE_CURVE('',#1838,#1839,#1397,.T.);
#1117=EDGE_CURVE('',#1839,#1840,#1398,.T.);
#1118=EDGE_CURVE('',#1841,#1840,#1399,.T.);
#1119=EDGE_CURVE('',#1838,#1841,#1400,.T.);
#1120=EDGE_CURVE('',#1839,#1866,#1401,.T.);
#1121=EDGE_CURVE('',#1842,#1843,#1402,.T.);
#1122=EDGE_CURVE('',#1840,#1867,#1403,.T.);
#1123=EDGE_CURVE('',#1842,#1844,#1404,.T.);
#1124=EDGE_CURVE('',#1844,#1845,#1405,.T.);
#1125=EDGE_CURVE('',#1843,#1845,#1406,.T.);
#1126=EDGE_CURVE('',#1844,#1838,#1558,.T.);
#1127=EDGE_CURVE('',#1845,#1841,#1559,.T.);
#1128=EDGE_CURVE('',#1846,#1880,#1560,.T.);
#1129=EDGE_CURVE('',#1846,#1847,#1485,.T.);
#1130=EDGE_CURVE('',#1847,#1881,#1561,.T.);
#1131=EDGE_CURVE('',#1849,#1882,#1562,.T.);
#1132=EDGE_CURVE('',#1849,#1848,#1486,.T.);
#1133=EDGE_CURVE('',#1848,#1883,#1563,.T.);
#1134=EDGE_CURVE('',#1851,#1884,#1564,.T.);
#1135=EDGE_CURVE('',#1851,#1850,#1487,.T.);
#1136=EDGE_CURVE('',#1850,#1885,#1565,.T.);
#1137=EDGE_CURVE('',#1853,#1886,#1566,.T.);
#1138=EDGE_CURVE('',#1853,#1852,#1488,.T.);
#1139=EDGE_CURVE('',#1852,#1887,#1567,.T.);
#1140=EDGE_CURVE('',#1855,#1888,#1568,.T.);
#1141=EDGE_CURVE('',#1855,#1854,#1489,.T.);
#1142=EDGE_CURVE('',#1854,#1889,#1569,.T.);
#1143=EDGE_CURVE('',#1857,#1890,#1570,.T.);
#1144=EDGE_CURVE('',#1857,#1856,#1490,.T.);
#1145=EDGE_CURVE('',#1856,#1891,#1571,.T.);
#1146=EDGE_CURVE('',#1859,#1892,#1572,.T.);
#1147=EDGE_CURVE('',#1859,#1858,#1491,.T.);
#1148=EDGE_CURVE('',#1858,#1893,#1573,.T.);
#1149=EDGE_CURVE('',#1861,#1894,#1574,.T.);
#1150=EDGE_CURVE('',#1861,#1860,#1492,.T.);
#1151=EDGE_CURVE('',#1860,#1895,#1575,.T.);
#1152=EDGE_CURVE('',#1863,#1896,#1576,.T.);
#1153=EDGE_CURVE('',#1863,#1862,#1493,.T.);
#1154=EDGE_CURVE('',#1862,#1897,#1577,.T.);
#1155=EDGE_CURVE('',#1864,#1865,#1407,.T.);
#1156=EDGE_CURVE('',#1867,#1866,#1408,.T.);
#1157=EDGE_CURVE('',#1868,#1869,#1578,.T.);
#1158=EDGE_CURVE('',#1869,#1870,#1409,.T.);
#1159=EDGE_CURVE('',#1870,#1865,#1410,.T.);
#1160=EDGE_CURVE('',#1866,#1871,#1411,.T.);
#1161=EDGE_CURVE('',#1871,#1872,#1412,.T.);
#1162=EDGE_CURVE('',#1872,#1873,#1579,.T.);
#1163=EDGE_CURVE('',#1873,#1868,#1413,.T.);
#1164=EDGE_CURVE('',#1874,#1875,#1580,.T.);
#1165=EDGE_CURVE('',#1875,#1876,#1414,.T.);
#1166=EDGE_CURVE('',#1876,#1864,#1415,.T.);
#1167=EDGE_CURVE('',#1867,#1877,#1416,.T.);
#1168=EDGE_CURVE('',#1877,#1878,#1417,.T.);
#1169=EDGE_CURVE('',#1878,#1879,#1581,.T.);
#1170=EDGE_CURVE('',#1879,#1874,#1418,.T.);
#1171=EDGE_CURVE('',#1865,#1842,#1419,.T.);
#1172=EDGE_CURVE('',#1864,#1843,#1420,.T.);
#1173=EDGE_CURVE('',#1875,#1869,#1494,.T.);
#1174=EDGE_CURVE('',#1874,#1868,#1495,.T.);
#1175=EDGE_CURVE('',#1876,#1870,#1421,.T.);
#1176=EDGE_CURVE('',#1877,#1871,#1422,.T.);
#1177=EDGE_CURVE('',#1878,#1872,#1423,.T.);
#1178=EDGE_CURVE('',#1879,#1873,#1496,.T.);
#1179=EDGE_CURVE('',#1880,#1881,#1497,.T.);
#1180=EDGE_CURVE('',#1880,#1846,#1582,.T.);
#1181=EDGE_CURVE('',#1881,#1847,#1583,.T.);
#1182=EDGE_CURVE('',#1882,#1883,#1498,.T.);
#1183=EDGE_CURVE('',#1882,#1849,#1584,.T.);
#1184=EDGE_CURVE('',#1883,#1848,#1585,.T.);
#1185=EDGE_CURVE('',#1884,#1885,#1499,.T.);
#1186=EDGE_CURVE('',#1884,#1851,#1586,.T.);
#1187=EDGE_CURVE('',#1885,#1850,#1587,.T.);
#1188=EDGE_CURVE('',#1886,#1887,#1500,.T.);
#1189=EDGE_CURVE('',#1886,#1853,#1588,.T.);
#1190=EDGE_CURVE('',#1887,#1852,#1589,.T.);
#1191=EDGE_CURVE('',#1888,#1889,#1501,.T.);
#1192=EDGE_CURVE('',#1888,#1855,#1590,.T.);
#1193=EDGE_CURVE('',#1889,#1854,#1591,.T.);
#1194=EDGE_CURVE('',#1890,#1891,#1502,.T.);
#1195=EDGE_CURVE('',#1890,#1857,#1592,.T.);
#1196=EDGE_CURVE('',#1891,#1856,#1593,.T.);
#1197=EDGE_CURVE('',#1892,#1893,#1503,.T.);
#1198=EDGE_CURVE('',#1892,#1859,#1594,.T.);
#1199=EDGE_CURVE('',#1893,#1858,#1595,.T.);
#1200=EDGE_CURVE('',#1894,#1895,#1504,.T.);
#1201=EDGE_CURVE('',#1894,#1861,#1596,.T.);
#1202=EDGE_CURVE('',#1895,#1860,#1597,.T.);
#1203=EDGE_CURVE('',#1896,#1897,#1505,.T.);
#1204=EDGE_CURVE('',#1896,#1863,#1598,.T.);
#1205=EDGE_CURVE('',#1897,#1862,#1599,.T.);
#1206=EDGE_CURVE('',#1898,#1902,#1600,.T.);
#1207=EDGE_CURVE('',#1898,#1899,#1506,.T.);
#1208=EDGE_CURVE('',#1899,#1903,#1601,.T.);
#1209=EDGE_CURVE('',#1900,#1904,#1602,.T.);
#1210=EDGE_CURVE('',#1900,#1901,#1507,.T.);
#1211=EDGE_CURVE('',#1901,#1905,#1603,.T.);
#1212=EDGE_CURVE('',#1902,#1903,#1508,.T.);
#1213=EDGE_CURVE('',#1902,#1898,#1604,.T.);
#1214=EDGE_CURVE('',#1903,#1899,#1605,.T.);
#1215=EDGE_CURVE('',#1904,#1905,#1509,.T.);
#1216=EDGE_CURVE('',#1904,#1900,#1606,.T.);
#1217=EDGE_CURVE('',#1905,#1901,#1607,.T.);
#1218=EDGE_CURVE('',#1906,#1910,#1608,.T.);
#1219=EDGE_CURVE('',#1906,#1907,#1510,.T.);
#1220=EDGE_CURVE('',#1907,#1911,#1609,.T.);
#1221=EDGE_CURVE('',#1908,#1912,#1610,.T.);
#1222=EDGE_CURVE('',#1908,#1909,#1511,.T.);
#1223=EDGE_CURVE('',#1909,#1913,#1611,.T.);
#1224=EDGE_CURVE('',#1910,#1911,#1512,.T.);
#1225=EDGE_CURVE('',#1910,#1906,#1612,.T.);
#1226=EDGE_CURVE('',#1911,#1907,#1613,.T.);
#1227=EDGE_CURVE('',#1912,#1913,#1513,.T.);
#1228=EDGE_CURVE('',#1912,#1908,#1614,.T.);
#1229=EDGE_CURVE('',#1913,#1909,#1615,.T.);
#1230=EDGE_CURVE('',#1914,#1942,#1424,.T.);
#1231=EDGE_CURVE('',#1915,#1916,#1425,.T.);
#1232=EDGE_CURVE('',#1917,#1916,#1426,.T.);
#1233=EDGE_CURVE('',#1914,#1917,#1427,.T.);
#1234=EDGE_CURVE('',#1915,#1920,#1428,.T.);
#1235=EDGE_CURVE('',#1916,#1921,#1429,.T.);
#1236=EDGE_CURVE('',#1918,#1923,#1616,.T.);
#1237=EDGE_CURVE('',#1918,#1919,#1514,.T.);
#1238=EDGE_CURVE('',#1919,#1922,#1617,.T.);
#1239=EDGE_CURVE('',#1920,#1921,#1430,.T.);
#1240=EDGE_CURVE('',#1922,#1923,#1431,.T.);
#1241=EDGE_CURVE('',#1923,#1914,#1432,.T.);
#1242=EDGE_CURVE('',#1922,#1917,#1433,.T.);
#1243=EDGE_CURVE('',#1920,#1918,#1618,.T.);
#1244=EDGE_CURVE('',#1921,#1919,#1619,.T.);
#1245=EDGE_CURVE('',#1924,#1952,#1620,.T.);
#1246=EDGE_CURVE('',#1924,#1925,#1515,.T.);
#1247=EDGE_CURVE('',#1925,#1953,#1621,.T.);
#1248=EDGE_CURVE('',#1926,#1954,#1622,.T.);
#1249=EDGE_CURVE('',#1927,#1955,#1623,.T.);
#1250=EDGE_CURVE('',#1926,#1927,#1516,.T.);
#1251=EDGE_CURVE('',#1929,#1956,#1624,.T.);
#1252=EDGE_CURVE('',#1929,#1928,#1517,.T.);
#1253=EDGE_CURVE('',#1928,#1957,#1625,.T.);
#1254=EDGE_CURVE('',#1931,#1958,#1626,.T.);
#1255=EDGE_CURVE('',#1931,#1930,#1518,.T.);
#1256=EDGE_CURVE('',#1930,#1959,#1627,.T.);
#1257=EDGE_CURVE('',#1933,#1960,#1628,.T.);
#1258=EDGE_CURVE('',#1933,#1932,#1519,.T.);
#1259=EDGE_CURVE('',#1932,#1961,#1629,.T.);
#1260=EDGE_CURVE('',#1935,#1962,#1630,.T.);
#1261=EDGE_CURVE('',#1935,#1934,#1520,.T.);
#1262=EDGE_CURVE('',#1934,#1963,#1631,.T.);
#1263=EDGE_CURVE('',#1946,#1947,#1632,.T.);
#1264=EDGE_CURVE('',#1947,#1936,#1521,.T.);
#1265=EDGE_CURVE('',#1937,#1936,#1633,.T.);
#1266=EDGE_CURVE('',#1946,#1937,#1522,.T.);
#1267=EDGE_CURVE('',#1947,#1948,#1434,.T.);
#1268=EDGE_CURVE('',#1948,#1938,#1435,.T.);
#1269=EDGE_CURVE('',#1936,#1938,#1436,.T.);
#1270=EDGE_CURVE('',#1942,#1943,#1437,.T.);
#1271=EDGE_CURVE('',#1938,#1943,#1438,.T.);
#1272=EDGE_CURVE('',#1944,#1945,#1439,.T.);
#1273=EDGE_CURVE('',#1943,#1945,#1440,.T.);
#1274=EDGE_CURVE('',#1949,#1939,#1441,.T.);
#1275=EDGE_CURVE('',#1945,#1939,#1442,.T.);
#1276=EDGE_CURVE('',#1949,#1950,#1443,.T.);
#1277=EDGE_CURVE('',#1950,#1940,#1444,.T.);
#1278=EDGE_CURVE('',#1939,#1940,#1445,.T.);
#1279=EDGE_CURVE('',#1950,#1951,#1634,.T.);
#1280=EDGE_CURVE('',#1951,#1941,#1523,.T.);
#1281=EDGE_CURVE('',#1940,#1941,#1635,.T.);
#1282=EDGE_CURVE('',#1941,#1937,#1446,.T.);
#1283=EDGE_CURVE('',#1948,#1942,#1447,.T.);
#1284=EDGE_CURVE('',#1944,#1949,#1448,.T.);
#1285=EDGE_CURVE('',#1951,#1946,#1449,.T.);
#1286=EDGE_CURVE('',#1944,#1915,#1450,.T.);
#1287=EDGE_CURVE('',#1952,#1953,#1524,.T.);
#1288=EDGE_CURVE('',#1952,#1924,#1636,.T.);
#1289=EDGE_CURVE('',#1953,#1925,#1637,.T.);
#1290=EDGE_CURVE('',#1954,#1955,#1525,.T.);
#1291=EDGE_CURVE('',#1954,#1926,#1638,.T.);
#1292=EDGE_CURVE('',#1955,#1927,#1639,.T.);
#1293=EDGE_CURVE('',#1956,#1957,#1526,.T.);
#1294=EDGE_CURVE('',#1956,#1929,#1640,.T.);
#1295=EDGE_CURVE('',#1957,#1928,#1641,.T.);
#1296=EDGE_CURVE('',#1958,#1959,#1527,.T.);
#1297=EDGE_CURVE('',#1958,#1931,#1642,.T.);
#1298=EDGE_CURVE('',#1959,#1930,#1643,.T.);
#1299=EDGE_CURVE('',#1960,#1961,#1528,.T.);
#1300=EDGE_CURVE('',#1960,#1933,#1644,.T.);
#1301=EDGE_CURVE('',#1961,#1932,#1645,.T.);
#1302=EDGE_CURVE('',#1962,#1963,#1529,.T.);
#1303=EDGE_CURVE('',#1962,#1935,#1646,.T.);
#1304=EDGE_CURVE('',#1963,#1934,#1647,.T.);
#1305=EDGE_CURVE('',#1964,#1992,#1451,.T.);
#1306=EDGE_CURVE('',#1965,#1966,#1452,.T.);
#1307=EDGE_CURVE('',#1967,#1966,#1453,.T.);
#1308=EDGE_CURVE('',#1964,#1967,#1454,.T.);
#1309=EDGE_CURVE('',#1965,#1970,#1455,.T.);
#1310=EDGE_CURVE('',#1966,#1971,#1456,.T.);
#1311=EDGE_CURVE('',#1968,#1973,#1648,.T.);
#1312=EDGE_CURVE('',#1968,#1969,#1530,.T.);
#1313=EDGE_CURVE('',#1969,#1972,#1649,.T.);
#1314=EDGE_CURVE('',#1970,#1971,#1457,.T.);
#1315=EDGE_CURVE('',#1972,#1973,#1458,.T.);
#1316=EDGE_CURVE('',#1973,#1964,#1459,.T.);
#1317=EDGE_CURVE('',#1972,#1967,#1460,.T.);
#1318=EDGE_CURVE('',#1970,#1968,#1650,.T.);
#1319=EDGE_CURVE('',#1971,#1969,#1651,.T.);
#1320=EDGE_CURVE('',#1974,#2002,#1652,.T.);
#1321=EDGE_CURVE('',#1974,#1975,#1531,.T.);
#1322=EDGE_CURVE('',#1975,#2003,#1653,.T.);
#1323=EDGE_CURVE('',#1976,#2004,#1654,.T.);
#1324=EDGE_CURVE('',#1977,#2005,#1655,.T.);
#1325=EDGE_CURVE('',#1976,#1977,#1532,.T.);
#1326=EDGE_CURVE('',#1979,#2006,#1656,.T.);
#1327=EDGE_CURVE('',#1979,#1978,#1533,.T.);
#1328=EDGE_CURVE('',#1978,#2007,#1657,.T.);
#1329=EDGE_CURVE('',#1981,#2008,#1658,.T.);
#1330=EDGE_CURVE('',#1981,#1980,#1534,.T.);
#1331=EDGE_CURVE('',#1980,#2009,#1659,.T.);
#1332=EDGE_CURVE('',#1983,#2010,#1660,.T.);
#1333=EDGE_CURVE('',#1983,#1982,#1535,.T.);
#1334=EDGE_CURVE('',#1982,#2011,#1661,.T.);
#1335=EDGE_CURVE('',#1985,#2012,#1662,.T.);
#1336=EDGE_CURVE('',#1985,#1984,#1536,.T.);
#1337=EDGE_CURVE('',#1984,#2013,#1663,.T.);
#1338=EDGE_CURVE('',#1996,#1997,#1664,.T.);
#1339=EDGE_CURVE('',#1997,#1986,#1537,.T.);
#1340=EDGE_CURVE('',#1987,#1986,#1665,.T.);
#1341=EDGE_CURVE('',#1996,#1987,#1538,.T.);
#1342=EDGE_CURVE('',#1997,#1998,#1461,.T.);
#1343=EDGE_CURVE('',#1998,#1988,#1462,.T.);
#1344=EDGE_CURVE('',#1986,#1988,#1463,.T.);
#1345=EDGE_CURVE('',#1992,#1993,#1464,.T.);
#1346=EDGE_CURVE('',#1988,#1993,#1465,.T.);
#1347=EDGE_CURVE('',#1994,#1995,#1466,.T.);
#1348=EDGE_CURVE('',#1993,#1995,#1467,.T.);
#1349=EDGE_CURVE('',#1999,#1989,#1468,.T.);
#1350=EDGE_CURVE('',#1995,#1989,#1469,.T.);
#1351=EDGE_CURVE('',#1999,#2000,#1470,.T.);
#1352=EDGE_CURVE('',#2000,#1990,#1471,.T.);
#1353=EDGE_CURVE('',#1989,#1990,#1472,.T.);
#1354=EDGE_CURVE('',#2000,#2001,#1666,.T.);
#1355=EDGE_CURVE('',#2001,#1991,#1539,.T.);
#1356=EDGE_CURVE('',#1990,#1991,#1667,.T.);
#1357=EDGE_CURVE('',#1991,#1987,#1473,.T.);
#1358=EDGE_CURVE('',#1998,#1992,#1474,.T.);
#1359=EDGE_CURVE('',#1994,#1999,#1475,.T.);
#1360=EDGE_CURVE('',#2001,#1996,#1476,.T.);
#1361=EDGE_CURVE('',#1994,#1965,#1477,.T.);
#1362=EDGE_CURVE('',#2002,#2003,#1540,.T.);
#1363=EDGE_CURVE('',#2002,#1974,#1668,.T.);
#1364=EDGE_CURVE('',#2003,#1975,#1669,.T.);
#1365=EDGE_CURVE('',#2004,#2005,#1541,.T.);
#1366=EDGE_CURVE('',#2004,#1976,#1670,.T.);
#1367=EDGE_CURVE('',#2005,#1977,#1671,.T.);
#1368=EDGE_CURVE('',#2006,#2007,#1542,.T.);
#1369=EDGE_CURVE('',#2006,#1979,#1672,.T.);
#1370=EDGE_CURVE('',#2007,#1978,#1673,.T.);
#1371=EDGE_CURVE('',#2008,#2009,#1543,.T.);
#1372=EDGE_CURVE('',#2008,#1981,#1674,.T.);
#1373=EDGE_CURVE('',#2009,#1980,#1675,.T.);
#1374=EDGE_CURVE('',#2010,#2011,#1544,.T.);
#1375=EDGE_CURVE('',#2010,#1983,#1676,.T.);
#1376=EDGE_CURVE('',#2011,#1982,#1677,.T.);
#1377=EDGE_CURVE('',#2012,#2013,#1545,.T.);
#1378=EDGE_CURVE('',#2012,#1985,#1678,.T.);
#1379=EDGE_CURVE('',#2013,#1984,#1679,.T.);
#1380=B_SPLINE_CURVE_WITH_KNOTS('',1,(#2947,#2948),.UNSPECIFIED.,.F.,.F.,
(2,2),(36.9544444027264,43.8817979121026),.UNSPECIFIED.);
#1381=B_SPLINE_CURVE_WITH_KNOTS('',1,(#2949,#2950),.UNSPECIFIED.,.F.,.F.,
(2,2),(0.,33.2),.UNSPECIFIED.);
#1382=B_SPLINE_CURVE_WITH_KNOTS('',1,(#2951,#2952),.UNSPECIFIED.,.F.,.F.,
(2,2),(36.9544444027264,43.8817979121026),.UNSPECIFIED.);
#1383=B_SPLINE_CURVE_WITH_KNOTS('',1,(#2953,#2954),.UNSPECIFIED.,.F.,.F.,
(2,2),(43.8817979121026,51.2115951182253),.UNSPECIFIED.);
#1384=B_SPLINE_CURVE_WITH_KNOTS('',1,(#2955,#2956),.UNSPECIFIED.,.F.,.F.,
(2,2),(0.,33.2),.UNSPECIFIED.);
#1385=B_SPLINE_CURVE_WITH_KNOTS('',1,(#2957,#2958),.UNSPECIFIED.,.F.,.F.,
(2,2),(43.8817979121026,51.2115951182253),.UNSPECIFIED.);
#1386=B_SPLINE_CURVE_WITH_KNOTS('',1,(#2959,#2960),.UNSPECIFIED.,.F.,.F.,
(2,2),(51.2115951182253,76.4254305047106),.UNSPECIFIED.);
#1387=B_SPLINE_CURVE_WITH_KNOTS('',1,(#2961,#2962),.UNSPECIFIED.,.F.,.F.,
(2,2),(0.,33.2),.UNSPECIFIED.);
#1388=B_SPLINE_CURVE_WITH_KNOTS('',1,(#2963,#2964),.UNSPECIFIED.,.F.,.F.,
(2,2),(51.2115951182253,76.4254305047106),.UNSPECIFIED.);
#1389=B_SPLINE_CURVE_WITH_KNOTS('',1,(#2965,#2966),.UNSPECIFIED.,.F.,.F.,
(2,2),(76.4254305047106,83.7552277108333),.UNSPECIFIED.);
#1390=B_SPLINE_CURVE_WITH_KNOTS('',1,(#2967,#2968),.UNSPECIFIED.,.F.,.F.,
(2,2),(0.,33.2),.UNSPECIFIED.);
#1391=B_SPLINE_CURVE_WITH_KNOTS('',1,(#2969,#2970),.UNSPECIFIED.,.F.,.F.,
(2,2),(76.4254305047106,83.7552277108333),.UNSPECIFIED.);
#1392=B_SPLINE_CURVE_WITH_KNOTS('',1,(#2971,#2972),.UNSPECIFIED.,.F.,.F.,
(2,2),(83.7552277108333,90.6825812202095),.UNSPECIFIED.);
#1393=B_SPLINE_CURVE_WITH_KNOTS('',1,(#2973,#2974),.UNSPECIFIED.,.F.,.F.,
(2,2),(0.,33.2),.UNSPECIFIED.);
#1394=B_SPLINE_CURVE_WITH_KNOTS('',1,(#2975,#2976),.UNSPECIFIED.,.F.,.F.,
(2,2),(83.7552277108333,90.6825812202095),.UNSPECIFIED.);
#1395=B_SPLINE_CURVE_WITH_KNOTS('',1,(#2985,#2986,#2987,#2988),
 .UNSPECIFIED.,.F.,.F.,(2,1,1,2),(92.9002791558017,97.6617346961261,122.875570082611,
127.637025622936),.UNSPECIFIED.);
#1396=B_SPLINE_CURVE_WITH_KNOTS('',1,(#2989,#2990,#2991,#2992),
 .UNSPECIFIED.,.F.,.F.,(2,1,1,2),(92.9002791558017,97.6617346961261,122.875570082611,
127.637025622936),.UNSPECIFIED.);
#1397=B_SPLINE_CURVE_WITH_KNOTS('',1,(#3124,#3125),.UNSPECIFIED.,.F.,.F.,
(2,2),(313.234041384287,337.242276606648),.UNSPECIFIED.);
#1398=B_SPLINE_CURVE_WITH_KNOTS('',1,(#3126,#3127),.UNSPECIFIED.,.F.,.F.,
(2,2),(0.,16.6),.UNSPECIFIED.);
#1399=B_SPLINE_CURVE_WITH_KNOTS('',1,(#3128,#3129),.UNSPECIFIED.,.F.,.F.,
(2,2),(313.234041384287,337.242276606648),.UNSPECIFIED.);
#1400=B_SPLINE_CURVE_WITH_KNOTS('',1,(#3130,#3131),.UNSPECIFIED.,.F.,.F.,
(2,2),(0.,16.6),.UNSPECIFIED.);
#1401=B_SPLINE_CURVE_WITH_KNOTS('',1,(#3132,#3133),.UNSPECIFIED.,.F.,.F.,
(2,2),(337.242276606648,348.119497054647),.UNSPECIFIED.);
#1402=B_SPLINE_CURVE_WITH_KNOTS('',1,(#3134,#3135),.UNSPECIFIED.,.F.,.F.,
(2,2),(0.,16.6),.UNSPECIFIED.);
#1403=B_SPLINE_CURVE_WITH_KNOTS('',1,(#3136,#3137),.UNSPECIFIED.,.F.,.F.,
(2,2),(337.242276606648,348.119497054647),.UNSPECIFIED.);
#1404=B_SPLINE_CURVE_WITH_KNOTS('',1,(#3138,#3139),.UNSPECIFIED.,.F.,.F.,
(2,2),(400.996717502647,425.004952725009),.UNSPECIFIED.);
#1405=B_SPLINE_CURVE_WITH_KNOTS('',1,(#3140,#3141),.UNSPECIFIED.,.F.,.F.,
(2,2),(0.,16.6),.UNSPECIFIED.);
#1406=B_SPLINE_CURVE_WITH_KNOTS('',1,(#3142,#3143),.UNSPECIFIED.,.F.,.F.,
(2,2),(400.996717502647,425.004952725009),.UNSPECIFIED.);
#1407=B_SPLINE_CURVE_WITH_KNOTS('',1,(#3222,#3223),.UNSPECIFIED.,.F.,.F.,
(2,2),(1.37780012664795,4.13340012664795),.UNSPECIFIED.);
#1408=B_SPLINE_CURVE_WITH_KNOTS('',1,(#3224,#3225),.UNSPECIFIED.,.F.,.F.,
(2,2),(1.37780012664795,4.13340012664795),.UNSPECIFIED.);
#1409=B_SPLINE_CURVE_WITH_KNOTS('',1,(#3229,#3230),.UNSPECIFIED.,.F.,.F.,
(2,2),(36.9544444027264,43.630038023971),.UNSPECIFIED.);
#1410=B_SPLINE_CURVE_WITH_KNOTS('',1,(#3231,#3232),.UNSPECIFIED.,.F.,.F.,
(2,2),(43.630038023971,50.6648555626591),.UNSPECIFIED.);
#1411=B_SPLINE_CURVE_WITH_KNOTS('',1,(#3233,#3234),.UNSPECIFIED.,.F.,.F.,
(2,2),(75.8786909491444,82.9135084878324),.UNSPECIFIED.);
#1412=B_SPLINE_CURVE_WITH_KNOTS('',1,(#3235,#3236),.UNSPECIFIED.,.F.,.F.,
(2,2),(82.9135084878324,89.5891021090771),.UNSPECIFIED.);
#1413=B_SPLINE_CURVE_WITH_KNOTS('',1,(#3240,#3241),.UNSPECIFIED.,.F.,.F.,
(2,2),(91.8068000446693,126.543546511803),.UNSPECIFIED.);
#1414=B_SPLINE_CURVE_WITH_KNOTS('',1,(#3245,#3246),.UNSPECIFIED.,.F.,.F.,
(2,2),(36.9544444027264,43.630038023971),.UNSPECIFIED.);
#1415=B_SPLINE_CURVE_WITH_KNOTS('',1,(#3247,#3248),.UNSPECIFIED.,.F.,.F.,
(2,2),(43.630038023971,50.6648555626591),.UNSPECIFIED.);
#1416=B_SPLINE_CURVE_WITH_KNOTS('',1,(#3249,#3250),.UNSPECIFIED.,.F.,.F.,
(2,2),(75.8786909491444,82.9135084878324),.UNSPECIFIED.);
#1417=B_SPLINE_CURVE_WITH_KNOTS('',1,(#3251,#3252),.UNSPECIFIED.,.F.,.F.,
(2,2),(82.9135084878324,89.5891021090771),.UNSPECIFIED.);
#1418=B_SPLINE_CURVE_WITH_KNOTS('',1,(#3256,#3257),.UNSPECIFIED.,.F.,.F.,
(2,2),(91.8068000446693,126.543546511803),.UNSPECIFIED.);
#1419=B_SPLINE_CURVE_WITH_KNOTS('',1,(#3258,#3259),.UNSPECIFIED.,.F.,.F.,
(2,2),(390.119497054647,400.996717502647),.UNSPECIFIED.);
#1420=B_SPLINE_CURVE_WITH_KNOTS('',1,(#3260,#3261),.UNSPECIFIED.,.F.,.F.,
(2,2),(390.119497054647,400.996717502647),.UNSPECIFIED.);
#1421=B_SPLINE_CURVE_WITH_KNOTS('',1,(#3266,#3267),.UNSPECIFIED.,.F.,.F.,
(2,2),(1.37780012664795,4.13340012664795),.UNSPECIFIED.);
#1422=B_SPLINE_CURVE_WITH_KNOTS('',1,(#3268,#3269),.UNSPECIFIED.,.F.,.F.,
(2,2),(1.37780012664795,4.13340012664795),.UNSPECIFIED.);
#1423=B_SPLINE_CURVE_WITH_KNOTS('',1,(#3270,#3271),.UNSPECIFIED.,.F.,.F.,
(2,2),(1.37780012664795,4.13340012664795),.UNSPECIFIED.);
#1424=B_SPLINE_CURVE_WITH_KNOTS('',1,(#3519,#3520),.UNSPECIFIED.,.F.,.F.,
(2,2),(0.,10.8772206086602),.UNSPECIFIED.);
#1425=B_SPLINE_CURVE_WITH_KNOTS('',1,(#3521,#3522),.UNSPECIFIED.,.F.,.F.,
(2,2),(0.,16.6),.UNSPECIFIED.);
#1426=B_SPLINE_CURVE_WITH_KNOTS('',1,(#3523,#3524),.UNSPECIFIED.,.F.,.F.,
(2,2),(0.,63.7544408959993),.UNSPECIFIED.);
#1427=B_SPLINE_CURVE_WITH_KNOTS('',1,(#3525,#3526),.UNSPECIFIED.,.F.,.F.,
(2,2),(0.,16.6),.UNSPECIFIED.);
#1428=B_SPLINE_CURVE_WITH_KNOTS('',1,(#3527,#3528),.UNSPECIFIED.,.F.,.F.,
(2,2),(63.7544408959993,87.7626761183607),.UNSPECIFIED.);
#1429=B_SPLINE_CURVE_WITH_KNOTS('',1,(#3529,#3530),.UNSPECIFIED.,.F.,.F.,
(2,2),(63.7544408959993,87.7626761183607),.UNSPECIFIED.);
#1430=B_SPLINE_CURVE_WITH_KNOTS('',1,(#3539,#3540),.UNSPECIFIED.,.F.,.F.,
(2,2),(0.,16.6),.UNSPECIFIED.);
#1431=B_SPLINE_CURVE_WITH_KNOTS('',1,(#3541,#3542),.UNSPECIFIED.,.F.,.F.,
(2,2),(-16.6,0.),.UNSPECIFIED.);
#1432=B_SPLINE_CURVE_WITH_KNOTS('',1,(#3543,#3544),.UNSPECIFIED.,.F.,.F.,
(2,2),(151.929500711791,175.937735934152),.UNSPECIFIED.);
#1433=B_SPLINE_CURVE_WITH_KNOTS('',1,(#3545,#3546),.UNSPECIFIED.,.F.,.F.,
(2,2),(151.929500711791,175.937735934152),.UNSPECIFIED.);
#1434=B_SPLINE_CURVE_WITH_KNOTS('',1,(#3611,#3612),.UNSPECIFIED.,.F.,.F.,
(2,2),(36.9544444027264,43.630038023971),.UNSPECIFIED.);
#1435=B_SPLINE_CURVE_WITH_KNOTS('',1,(#3613,#3614),.UNSPECIFIED.,.F.,.F.,
(2,2),(0.,15.),.UNSPECIFIED.);
#1436=B_SPLINE_CURVE_WITH_KNOTS('',1,(#3615,#3616),.UNSPECIFIED.,.F.,.F.,
(2,2),(36.9544444027264,43.630038023971),.UNSPECIFIED.);
#1437=B_SPLINE_CURVE_WITH_KNOTS('',1,(#3617,#3618),.UNSPECIFIED.,.F.,.F.,
(2,2),(0.,15.),.UNSPECIFIED.);
#1438=B_SPLINE_CURVE_WITH_KNOTS('',1,(#3619,#3620),.UNSPECIFIED.,.F.,.F.,
(2,2),(43.630038023971,50.6648555626591),.UNSPECIFIED.);
#1439=B_SPLINE_CURVE_WITH_KNOTS('',1,(#3621,#3622),.UNSPECIFIED.,.F.,.F.,
(2,2),(0.,15.),.UNSPECIFIED.);
#1440=B_SPLINE_CURVE_WITH_KNOTS('',1,(#3623,#3624),.UNSPECIFIED.,.F.,.F.,
(2,2),(50.6648555626591,75.8786909491444),.UNSPECIFIED.);
#1441=B_SPLINE_CURVE_WITH_KNOTS('',1,(#3625,#3626),.UNSPECIFIED.,.F.,.F.,
(2,2),(0.,15.),.UNSPECIFIED.);
#1442=B_SPLINE_CURVE_WITH_KNOTS('',1,(#3627,#3628),.UNSPECIFIED.,.F.,.F.,
(2,2),(75.8786909491444,82.9135084878324),.UNSPECIFIED.);
#1443=B_SPLINE_CURVE_WITH_KNOTS('',1,(#3629,#3630),.UNSPECIFIED.,.F.,.F.,
(2,2),(82.9135084878324,89.5891021090771),.UNSPECIFIED.);
#1444=B_SPLINE_CURVE_WITH_KNOTS('',1,(#3631,#3632),.UNSPECIFIED.,.F.,.F.,
(2,2),(0.,15.),.UNSPECIFIED.);
#1445=B_SPLINE_CURVE_WITH_KNOTS('',1,(#3633,#3634),.UNSPECIFIED.,.F.,.F.,
(2,2),(82.9135084878324,89.5891021090771),.UNSPECIFIED.);
#1446=B_SPLINE_CURVE_WITH_KNOTS('',1,(#3643,#3644),.UNSPECIFIED.,.F.,.F.,
(2,2),(91.8068000446693,126.543546511803),.UNSPECIFIED.);
#1447=B_SPLINE_CURVE_WITH_KNOTS('',1,(#3645,#3646),.UNSPECIFIED.,.F.,.F.,
(2,2),(43.630038023971,50.6648464501801),.UNSPECIFIED.);
#1448=B_SPLINE_CURVE_WITH_KNOTS('',1,(#3647,#3648),.UNSPECIFIED.,.F.,.F.,
(2,2),(75.8787000616234,82.9135084878324),.UNSPECIFIED.);
#1449=B_SPLINE_CURVE_WITH_KNOTS('',1,(#3649,#3650),.UNSPECIFIED.,.F.,.F.,
(2,2),(91.8068000446693,126.543546511803),.UNSPECIFIED.);
#1450=B_SPLINE_CURVE_WITH_KNOTS('',1,(#3651,#3652),.UNSPECIFIED.,.F.,.F.,
(2,2),(52.8772206086602,63.7544408959993),.UNSPECIFIED.);
#1451=B_SPLINE_CURVE_WITH_KNOTS('',1,(#3782,#3783),.UNSPECIFIED.,.F.,.F.,
(2,2),(0.,10.8772206086602),.UNSPECIFIED.);
#1452=B_SPLINE_CURVE_WITH_KNOTS('',1,(#3784,#3785),.UNSPECIFIED.,.F.,.F.,
(2,2),(0.,16.6),.UNSPECIFIED.);
#1453=B_SPLINE_CURVE_WITH_KNOTS('',1,(#3786,#3787),.UNSPECIFIED.,.F.,.F.,
(2,2),(0.,63.7544408959993),.UNSPECIFIED.);
#1454=B_SPLINE_CURVE_WITH_KNOTS('',1,(#3788,#3789),.UNSPECIFIED.,.F.,.F.,
(2,2),(0.,16.6),.UNSPECIFIED.);
#1455=B_SPLINE_CURVE_WITH_KNOTS('',1,(#3790,#3791),.UNSPECIFIED.,.F.,.F.,
(2,2),(63.7544408959993,87.7626761183607),.UNSPECIFIED.);
#1456=B_SPLINE_CURVE_WITH_KNOTS('',1,(#3792,#3793),.UNSPECIFIED.,.F.,.F.,
(2,2),(63.7544408959993,87.7626761183607),.UNSPECIFIED.);
#1457=B_SPLINE_CURVE_WITH_KNOTS('',1,(#3802,#3803),.UNSPECIFIED.,.F.,.F.,
(2,2),(0.,16.6),.UNSPECIFIED.);
#1458=B_SPLINE_CURVE_WITH_KNOTS('',1,(#3804,#3805),.UNSPECIFIED.,.F.,.F.,
(2,2),(-16.6,0.),.UNSPECIFIED.);
#1459=B_SPLINE_CURVE_WITH_KNOTS('',1,(#3806,#3807),.UNSPECIFIED.,.F.,.F.,
(2,2),(151.929500711791,175.937735934152),.UNSPECIFIED.);
#1460=B_SPLINE_CURVE_WITH_KNOTS('',1,(#3808,#3809),.UNSPECIFIED.,.F.,.F.,
(2,2),(151.929500711791,175.937735934152),.UNSPECIFIED.);
#1461=B_SPLINE_CURVE_WITH_KNOTS('',1,(#3874,#3875),.UNSPECIFIED.,.F.,.F.,
(2,2),(36.9544444027264,43.630038023971),.UNSPECIFIED.);
#1462=B_SPLINE_CURVE_WITH_KNOTS('',1,(#3876,#3877),.UNSPECIFIED.,.F.,.F.,
(2,2),(0.,15.),.UNSPECIFIED.);
#1463=B_SPLINE_CURVE_WITH_KNOTS('',1,(#3878,#3879),.UNSPECIFIED.,.F.,.F.,
(2,2),(36.9544444027264,43.630038023971),.UNSPECIFIED.);
#1464=B_SPLINE_CURVE_WITH_KNOTS('',1,(#3880,#3881),.UNSPECIFIED.,.F.,.F.,
(2,2),(0.,15.),.UNSPECIFIED.);
#1465=B_SPLINE_CURVE_WITH_KNOTS('',1,(#3882,#3883),.UNSPECIFIED.,.F.,.F.,
(2,2),(43.630038023971,50.6648555626591),.UNSPECIFIED.);
#1466=B_SPLINE_CURVE_WITH_KNOTS('',1,(#3884,#3885),.UNSPECIFIED.,.F.,.F.,
(2,2),(0.,15.),.UNSPECIFIED.);
#1467=B_SPLINE_CURVE_WITH_KNOTS('',1,(#3886,#3887),.UNSPECIFIED.,.F.,.F.,
(2,2),(50.6648555626591,75.8786909491444),.UNSPECIFIED.);
#1468=B_SPLINE_CURVE_WITH_KNOTS('',1,(#3888,#3889),.UNSPECIFIED.,.F.,.F.,
(2,2),(0.,15.),.UNSPECIFIED.);
#1469=B_SPLINE_CURVE_WITH_KNOTS('',1,(#3890,#3891),.UNSPECIFIED.,.F.,.F.,
(2,2),(75.8786909491444,82.9135084878324),.UNSPECIFIED.);
#1470=B_SPLINE_CURVE_WITH_KNOTS('',1,(#3892,#3893),.UNSPECIFIED.,.F.,.F.,
(2,2),(82.9135084878324,89.5891021090771),.UNSPECIFIED.);
#1471=B_SPLINE_CURVE_WITH_KNOTS('',1,(#3894,#3895),.UNSPECIFIED.,.F.,.F.,
(2,2),(0.,15.),.UNSPECIFIED.);
#1472=B_SPLINE_CURVE_WITH_KNOTS('',1,(#3896,#3897),.UNSPECIFIED.,.F.,.F.,
(2,2),(82.9135084878324,89.5891021090771),.UNSPECIFIED.);
#1473=B_SPLINE_CURVE_WITH_KNOTS('',1,(#3906,#3907),.UNSPECIFIED.,.F.,.F.,
(2,2),(91.8068000446693,126.543546511803),.UNSPECIFIED.);
#1474=B_SPLINE_CURVE_WITH_KNOTS('',1,(#3908,#3909),.UNSPECIFIED.,.F.,.F.,
(2,2),(43.630038023971,50.6648464501801),.UNSPECIFIED.);
#1475=B_SPLINE_CURVE_WITH_KNOTS('',1,(#3910,#3911),.UNSPECIFIED.,.F.,.F.,
(2,2),(75.8787000616234,82.9135084878324),.UNSPECIFIED.);
#1476=B_SPLINE_CURVE_WITH_KNOTS('',1,(#3912,#3913),.UNSPECIFIED.,.F.,.F.,
(2,2),(91.8068000446693,126.543546511803),.UNSPECIFIED.);
#1477=B_SPLINE_CURVE_WITH_KNOTS('',1,(#3914,#3915),.UNSPECIFIED.,.F.,.F.,
(2,2),(52.8772206086602,63.7544408959993),.UNSPECIFIED.);
#1478=(
BOUNDED_CURVE()
B_SPLINE_CURVE(1,(#2940,#2941),.UNSPECIFIED.,.F.,.F.)
B_SPLINE_CURVE_WITH_KNOTS((2,2),(0.,33.2),.UNSPECIFIED.)
CURVE()
GEOMETRIC_REPRESENTATION_ITEM()
RATIONAL_B_SPLINE_CURVE((1.,1.))
REPRESENTATION_ITEM('')
);
#1479=(
BOUNDED_CURVE()
B_SPLINE_CURVE(1,(#2945,#2946),.UNSPECIFIED.,.F.,.F.)
B_SPLINE_CURVE_WITH_KNOTS((2,2),(0.,33.2),.UNSPECIFIED.)
CURVE()
GEOMETRIC_REPRESENTATION_ITEM()
RATIONAL_B_SPLINE_CURVE((1.,1.))
REPRESENTATION_ITEM('')
);
#1480=(
BOUNDED_CURVE()
B_SPLINE_CURVE(1,(#2980,#2981),.UNSPECIFIED.,.F.,.F.)
B_SPLINE_CURVE_WITH_KNOTS((2,2),(0.,33.2),.UNSPECIFIED.)
CURVE()
GEOMETRIC_REPRESENTATION_ITEM()
RATIONAL_B_SPLINE_CURVE((1.,1.))
REPRESENTATION_ITEM('')
);
#1481=(
BOUNDED_CURVE()
B_SPLINE_CURVE(1,(#2996,#2997),.UNSPECIFIED.,.F.,.F.)
B_SPLINE_CURVE_WITH_KNOTS((2,2),(0.,30.),.UNSPECIFIED.)
CURVE()
GEOMETRIC_REPRESENTATION_ITEM()
RATIONAL_B_SPLINE_CURVE((1.,1.))
REPRESENTATION_ITEM('')
);
#1482=(
BOUNDED_CURVE()
B_SPLINE_CURVE(1,(#3004,#3005),.UNSPECIFIED.,.F.,.F.)
B_SPLINE_CURVE_WITH_KNOTS((2,2),(0.,30.),.UNSPECIFIED.)
CURVE()
GEOMETRIC_REPRESENTATION_ITEM()
RATIONAL_B_SPLINE_CURVE((1.,1.))
REPRESENTATION_ITEM('')
);
#1483=(
BOUNDED_CURVE()
B_SPLINE_CURVE(1,(#3009,#3010),.UNSPECIFIED.,.F.,.F.)
B_SPLINE_CURVE_WITH_KNOTS((2,2),(0.,30.),.UNSPECIFIED.)
CURVE()
GEOMETRIC_REPRESENTATION_ITEM()
RATIONAL_B_SPLINE_CURVE((1.,1.))
REPRESENTATION_ITEM('')
);
#1484=(
BOUNDED_CURVE()
B_SPLINE_CURVE(1,(#3017,#3018),.UNSPECIFIED.,.F.,.F.)
B_SPLINE_CURVE_WITH_KNOTS((2,2),(0.,30.),.UNSPECIFIED.)
CURVE()
GEOMETRIC_REPRESENTATION_ITEM()
RATIONAL_B_SPLINE_CURVE((1.,1.))
REPRESENTATION_ITEM('')
);
#1485=(
BOUNDED_CURVE()
B_SPLINE_CURVE(1,(#3153,#3154),.UNSPECIFIED.,.F.,.F.)
B_SPLINE_CURVE_WITH_KNOTS((2,2),(0.,16.6),.UNSPECIFIED.)
CURVE()
GEOMETRIC_REPRESENTATION_ITEM()
RATIONAL_B_SPLINE_CURVE((1.,1.))
REPRESENTATION_ITEM('')
);
#1486=(
BOUNDED_CURVE()
B_SPLINE_CURVE(1,(#3161,#3162),.UNSPECIFIED.,.F.,.F.)
B_SPLINE_CURVE_WITH_KNOTS((2,2),(0.,3.),.UNSPECIFIED.)
CURVE()
GEOMETRIC_REPRESENTATION_ITEM()
RATIONAL_B_SPLINE_CURVE((1.,1.))
REPRESENTATION_ITEM('')
);
#1487=(
BOUNDED_CURVE()
B_SPLINE_CURVE(1,(#3169,#3170),.UNSPECIFIED.,.F.,.F.)
B_SPLINE_CURVE_WITH_KNOTS((2,2),(0.,3.),.UNSPECIFIED.)
CURVE()
GEOMETRIC_REPRESENTATION_ITEM()
RATIONAL_B_SPLINE_CURVE((1.,1.))
REPRESENTATION_ITEM('')
);
#1488=(
BOUNDED_CURVE()
B_SPLINE_CURVE(1,(#3177,#3178),.UNSPECIFIED.,.F.,.F.)
B_SPLINE_CURVE_WITH_KNOTS((2,2),(0.,3.),.UNSPECIFIED.)
CURVE()
GEOMETRIC_REPRESENTATION_ITEM()
RATIONAL_B_SPLINE_CURVE((1.,1.))
REPRESENTATION_ITEM('')
);
#1489=(
BOUNDED_CURVE()
B_SPLINE_CURVE(1,(#3185,#3186),.UNSPECIFIED.,.F.,.F.)
B_SPLINE_CURVE_WITH_KNOTS((2,2),(0.,3.),.UNSPECIFIED.)
CURVE()
GEOMETRIC_REPRESENTATION_ITEM()
RATIONAL_B_SPLINE_CURVE((1.,1.))
REPRESENTATION_ITEM('')
);
#1490=(
BOUNDED_CURVE()
B_SPLINE_CURVE(1,(#3193,#3194),.UNSPECIFIED.,.F.,.F.)
B_SPLINE_CURVE_WITH_KNOTS((2,2),(0.,3.),.UNSPECIFIED.)
CURVE()
GEOMETRIC_REPRESENTATION_ITEM()
RATIONAL_B_SPLINE_CURVE((1.,1.))
REPRESENTATION_ITEM('')
);
#1491=(
BOUNDED_CURVE()
B_SPLINE_CURVE(1,(#3201,#3202),.UNSPECIFIED.,.F.,.F.)
B_SPLINE_CURVE_WITH_KNOTS((2,2),(0.,3.),.UNSPECIFIED.)
CURVE()
GEOMETRIC_REPRESENTATION_ITEM()
RATIONAL_B_SPLINE_CURVE((1.,1.))
REPRESENTATION_ITEM('')
);
#1492=(
BOUNDED_CURVE()
B_SPLINE_CURVE(1,(#3209,#3210),.UNSPECIFIED.,.F.,.F.)
B_SPLINE_CURVE_WITH_KNOTS((2,2),(0.,3.),.UNSPECIFIED.)
CURVE()
GEOMETRIC_REPRESENTATION_ITEM()
RATIONAL_B_SPLINE_CURVE((1.,1.))
REPRESENTATION_ITEM('')
);
#1493=(
BOUNDED_CURVE()
B_SPLINE_CURVE(1,(#3217,#3218),.UNSPECIFIED.,.F.,.F.)
B_SPLINE_CURVE_WITH_KNOTS((2,2),(0.,3.),.UNSPECIFIED.)
CURVE()
GEOMETRIC_REPRESENTATION_ITEM()
RATIONAL_B_SPLINE_CURVE((1.,1.))
REPRESENTATION_ITEM('')
);
#1494=(
BOUNDED_CURVE()
B_SPLINE_CURVE(1,(#3262,#3263),.UNSPECIFIED.,.F.,.F.)
B_SPLINE_CURVE_WITH_KNOTS((2,2),(1.37780012664795,4.13340012664795),
 .UNSPECIFIED.)
CURVE()
GEOMETRIC_REPRESENTATION_ITEM()
RATIONAL_B_SPLINE_CURVE((1.,1.))
REPRESENTATION_ITEM('')
);
#1495=(
BOUNDED_CURVE()
B_SPLINE_CURVE(1,(#3264,#3265),.UNSPECIFIED.,.F.,.F.)
B_SPLINE_CURVE_WITH_KNOTS((2,2),(1.37780012664795,4.13340012664795),
 .UNSPECIFIED.)
CURVE()
GEOMETRIC_REPRESENTATION_ITEM()
RATIONAL_B_SPLINE_CURVE((1.,1.))
REPRESENTATION_ITEM('')
);
#1496=(
BOUNDED_CURVE()
B_SPLINE_CURVE(1,(#3272,#3273),.UNSPECIFIED.,.F.,.F.)
B_SPLINE_CURVE_WITH_KNOTS((2,2),(1.37780012664795,4.13340012664795),
 .UNSPECIFIED.)
CURVE()
GEOMETRIC_REPRESENTATION_ITEM()
RATIONAL_B_SPLINE_CURVE((1.,1.))
REPRESENTATION_ITEM('')
);
#1497=(
BOUNDED_CURVE()
B_SPLINE_CURVE(1,(#3274,#3275),.UNSPECIFIED.,.F.,.F.)
B_SPLINE_CURVE_WITH_KNOTS((2,2),(0.,16.6),.UNSPECIFIED.)
CURVE()
GEOMETRIC_REPRESENTATION_ITEM()
RATIONAL_B_SPLINE_CURVE((1.,1.))
REPRESENTATION_ITEM('')
);
#1498=(
BOUNDED_CURVE()
B_SPLINE_CURVE(1,(#3282,#3283),.UNSPECIFIED.,.F.,.F.)
B_SPLINE_CURVE_WITH_KNOTS((2,2),(0.,3.),.UNSPECIFIED.)
CURVE()
GEOMETRIC_REPRESENTATION_ITEM()
RATIONAL_B_SPLINE_CURVE((1.,1.))
REPRESENTATION_ITEM('')
);
#1499=(
BOUNDED_CURVE()
B_SPLINE_CURVE(1,(#3290,#3291),.UNSPECIFIED.,.F.,.F.)
B_SPLINE_CURVE_WITH_KNOTS((2,2),(0.,3.),.UNSPECIFIED.)
CURVE()
GEOMETRIC_REPRESENTATION_ITEM()
RATIONAL_B_SPLINE_CURVE((1.,1.))
REPRESENTATION_ITEM('')
);
#1500=(
BOUNDED_CURVE()
B_SPLINE_CURVE(1,(#3298,#3299),.UNSPECIFIED.,.F.,.F.)
B_SPLINE_CURVE_WITH_KNOTS((2,2),(0.,3.),.UNSPECIFIED.)
CURVE()
GEOMETRIC_REPRESENTATION_ITEM()
RATIONAL_B_SPLINE_CURVE((1.,1.))
REPRESENTATION_ITEM('')
);
#1501=(
BOUNDED_CURVE()
B_SPLINE_CURVE(1,(#3306,#3307),.UNSPECIFIED.,.F.,.F.)
B_SPLINE_CURVE_WITH_KNOTS((2,2),(0.,3.),.UNSPECIFIED.)
CURVE()
GEOMETRIC_REPRESENTATION_ITEM()
RATIONAL_B_SPLINE_CURVE((1.,1.))
REPRESENTATION_ITEM('')
);
#1502=(
BOUNDED_CURVE()
B_SPLINE_CURVE(1,(#3314,#3315),.UNSPECIFIED.,.F.,.F.)
B_SPLINE_CURVE_WITH_KNOTS((2,2),(0.,3.),.UNSPECIFIED.)
CURVE()
GEOMETRIC_REPRESENTATION_ITEM()
RATIONAL_B_SPLINE_CURVE((1.,1.))
REPRESENTATION_ITEM('')
);
#1503=(
BOUNDED_CURVE()
B_SPLINE_CURVE(1,(#3322,#3323),.UNSPECIFIED.,.F.,.F.)
B_SPLINE_CURVE_WITH_KNOTS((2,2),(0.,3.),.UNSPECIFIED.)
CURVE()
GEOMETRIC_REPRESENTATION_ITEM()
RATIONAL_B_SPLINE_CURVE((1.,1.))
REPRESENTATION_ITEM('')
);
#1504=(
BOUNDED_CURVE()
B_SPLINE_CURVE(1,(#3330,#3331),.UNSPECIFIED.,.F.,.F.)
B_SPLINE_CURVE_WITH_KNOTS((2,2),(0.,3.),.UNSPECIFIED.)
CURVE()
GEOMETRIC_REPRESENTATION_ITEM()
RATIONAL_B_SPLINE_CURVE((1.,1.))
REPRESENTATION_ITEM('')
);
#1505=(
BOUNDED_CURVE()
B_SPLINE_CURVE(1,(#3338,#3339),.UNSPECIFIED.,.F.,.F.)
B_SPLINE_CURVE_WITH_KNOTS((2,2),(0.,3.),.UNSPECIFIED.)
CURVE()
GEOMETRIC_REPRESENTATION_ITEM()
RATIONAL_B_SPLINE_CURVE((1.,1.))
REPRESENTATION_ITEM('')
);
#1506=(
BOUNDED_CURVE()
B_SPLINE_CURVE(1,(#3363,#3364),.UNSPECIFIED.,.F.,.F.)
B_SPLINE_CURVE_WITH_KNOTS((2,2),(0.,1.5),.UNSPECIFIED.)
CURVE()
GEOMETRIC_REPRESENTATION_ITEM()
RATIONAL_B_SPLINE_CURVE((1.,1.))
REPRESENTATION_ITEM('')
);
#1507=(
BOUNDED_CURVE()
B_SPLINE_CURVE(1,(#3371,#3372),.UNSPECIFIED.,.F.,.F.)
B_SPLINE_CURVE_WITH_KNOTS((2,2),(0.,1.5),.UNSPECIFIED.)
CURVE()
GEOMETRIC_REPRESENTATION_ITEM()
RATIONAL_B_SPLINE_CURVE((1.,1.))
REPRESENTATION_ITEM('')
);
#1508=(
BOUNDED_CURVE()
B_SPLINE_CURVE(1,(#3376,#3377),.UNSPECIFIED.,.F.,.F.)
B_SPLINE_CURVE_WITH_KNOTS((2,2),(0.,1.5),.UNSPECIFIED.)
CURVE()
GEOMETRIC_REPRESENTATION_ITEM()
RATIONAL_B_SPLINE_CURVE((1.,1.))
REPRESENTATION_ITEM('')
);
#1509=(
BOUNDED_CURVE()
B_SPLINE_CURVE(1,(#3384,#3385),.UNSPECIFIED.,.F.,.F.)
B_SPLINE_CURVE_WITH_KNOTS((2,2),(0.,1.5),.UNSPECIFIED.)
CURVE()
GEOMETRIC_REPRESENTATION_ITEM()
RATIONAL_B_SPLINE_CURVE((1.,1.))
REPRESENTATION_ITEM('')
);
#1510=(
BOUNDED_CURVE()
B_SPLINE_CURVE(1,(#3409,#3410),.UNSPECIFIED.,.F.,.F.)
B_SPLINE_CURVE_WITH_KNOTS((2,2),(0.,1.5),.UNSPECIFIED.)
CURVE()
GEOMETRIC_REPRESENTATION_ITEM()
RATIONAL_B_SPLINE_CURVE((1.,1.))
REPRESENTATION_ITEM('')
);
#1511=(
BOUNDED_CURVE()
B_SPLINE_CURVE(1,(#3417,#3418),.UNSPECIFIED.,.F.,.F.)
B_SPLINE_CURVE_WITH_KNOTS((2,2),(0.,1.5),.UNSPECIFIED.)
CURVE()
GEOMETRIC_REPRESENTATION_ITEM()
RATIONAL_B_SPLINE_CURVE((1.,1.))
REPRESENTATION_ITEM('')
);
#1512=(
BOUNDED_CURVE()
B_SPLINE_CURVE(1,(#3422,#3423),.UNSPECIFIED.,.F.,.F.)
B_SPLINE_CURVE_WITH_KNOTS((2,2),(0.,1.5),.UNSPECIFIED.)
CURVE()
GEOMETRIC_REPRESENTATION_ITEM()
RATIONAL_B_SPLINE_CURVE((1.,1.))
REPRESENTATION_ITEM('')
);
#1513=(
BOUNDED_CURVE()
B_SPLINE_CURVE(1,(#3430,#3431),.UNSPECIFIED.,.F.,.F.)
B_SPLINE_CURVE_WITH_KNOTS((2,2),(0.,1.5),.UNSPECIFIED.)
CURVE()
GEOMETRIC_REPRESENTATION_ITEM()
RATIONAL_B_SPLINE_CURVE((1.,1.))
REPRESENTATION_ITEM('')
);
#1514=(
BOUNDED_CURVE()
B_SPLINE_CURVE(1,(#3534,#3535),.UNSPECIFIED.,.F.,.F.)
B_SPLINE_CURVE_WITH_KNOTS((2,2),(0.,16.6),.UNSPECIFIED.)
CURVE()
GEOMETRIC_REPRESENTATION_ITEM()
RATIONAL_B_SPLINE_CURVE((1.,1.))
REPRESENTATION_ITEM('')
);
#1515=(
BOUNDED_CURVE()
B_SPLINE_CURVE(1,(#3556,#3557),.UNSPECIFIED.,.F.,.F.)
B_SPLINE_CURVE_WITH_KNOTS((2,2),(0.,5.),.UNSPECIFIED.)
CURVE()
GEOMETRIC_REPRESENTATION_ITEM()
RATIONAL_B_SPLINE_CURVE((1.,1.))
REPRESENTATION_ITEM('')
);
#1516=(
BOUNDED_CURVE()
B_SPLINE_CURVE(1,(#3567,#3568),.UNSPECIFIED.,.F.,.F.)
B_SPLINE_CURVE_WITH_KNOTS((2,2),(2.03078949445471,13.6307894944547),
 .UNSPECIFIED.)
CURVE()
GEOMETRIC_REPRESENTATION_ITEM()
RATIONAL_B_SPLINE_CURVE((1.,1.))
REPRESENTATION_ITEM('')
);
#1517=(
BOUNDED_CURVE()
B_SPLINE_CURVE(1,(#3572,#3573),.UNSPECIFIED.,.F.,.F.)
B_SPLINE_CURVE_WITH_KNOTS((2,2),(0.,3.),.UNSPECIFIED.)
CURVE()
GEOMETRIC_REPRESENTATION_ITEM()
RATIONAL_B_SPLINE_CURVE((1.,1.))
REPRESENTATION_ITEM('')
);
#1518=(
BOUNDED_CURVE()
B_SPLINE_CURVE(1,(#3580,#3581),.UNSPECIFIED.,.F.,.F.)
B_SPLINE_CURVE_WITH_KNOTS((2,2),(0.,3.),.UNSPECIFIED.)
CURVE()
GEOMETRIC_REPRESENTATION_ITEM()
RATIONAL_B_SPLINE_CURVE((1.,1.))
REPRESENTATION_ITEM('')
);
#1519=(
BOUNDED_CURVE()
B_SPLINE_CURVE(1,(#3588,#3589),.UNSPECIFIED.,.F.,.F.)
B_SPLINE_CURVE_WITH_KNOTS((2,2),(0.,3.),.UNSPECIFIED.)
CURVE()
GEOMETRIC_REPRESENTATION_ITEM()
RATIONAL_B_SPLINE_CURVE((1.,1.))
REPRESENTATION_ITEM('')
);
#1520=(
BOUNDED_CURVE()
B_SPLINE_CURVE(1,(#3596,#3597),.UNSPECIFIED.,.F.,.F.)
B_SPLINE_CURVE_WITH_KNOTS((2,2),(0.,3.),.UNSPECIFIED.)
CURVE()
GEOMETRIC_REPRESENTATION_ITEM()
RATIONAL_B_SPLINE_CURVE((1.,1.))
REPRESENTATION_ITEM('')
);
#1521=(
BOUNDED_CURVE()
B_SPLINE_CURVE(1,(#3604,#3605),.UNSPECIFIED.,.F.,.F.)
B_SPLINE_CURVE_WITH_KNOTS((2,2),(0.,15.),.UNSPECIFIED.)
CURVE()
GEOMETRIC_REPRESENTATION_ITEM()
RATIONAL_B_SPLINE_CURVE((1.,1.))
REPRESENTATION_ITEM('')
);
#1522=(
BOUNDED_CURVE()
B_SPLINE_CURVE(1,(#3609,#3610),.UNSPECIFIED.,.F.,.F.)
B_SPLINE_CURVE_WITH_KNOTS((2,2),(0.,15.),.UNSPECIFIED.)
CURVE()
GEOMETRIC_REPRESENTATION_ITEM()
RATIONAL_B_SPLINE_CURVE((1.,1.))
REPRESENTATION_ITEM('')
);
#1523=(
BOUNDED_CURVE()
B_SPLINE_CURVE(1,(#3638,#3639),.UNSPECIFIED.,.F.,.F.)
B_SPLINE_CURVE_WITH_KNOTS((2,2),(0.,15.),.UNSPECIFIED.)
CURVE()
GEOMETRIC_REPRESENTATION_ITEM()
RATIONAL_B_SPLINE_CURVE((1.,1.))
REPRESENTATION_ITEM('')
);
#1524=(
BOUNDED_CURVE()
B_SPLINE_CURVE(1,(#3653,#3654),.UNSPECIFIED.,.F.,.F.)
B_SPLINE_CURVE_WITH_KNOTS((2,2),(0.,4.99999999999999),.UNSPECIFIED.)
CURVE()
GEOMETRIC_REPRESENTATION_ITEM()
RATIONAL_B_SPLINE_CURVE((1.,1.))
REPRESENTATION_ITEM('')
);
#1525=(
BOUNDED_CURVE()
B_SPLINE_CURVE(1,(#3661,#3662),.UNSPECIFIED.,.F.,.F.)
B_SPLINE_CURVE_WITH_KNOTS((2,2),(2.0307894944547,13.6307894944547),
 .UNSPECIFIED.)
CURVE()
GEOMETRIC_REPRESENTATION_ITEM()
RATIONAL_B_SPLINE_CURVE((1.,1.))
REPRESENTATION_ITEM('')
);
#1526=(
BOUNDED_CURVE()
B_SPLINE_CURVE(1,(#3669,#3670),.UNSPECIFIED.,.F.,.F.)
B_SPLINE_CURVE_WITH_KNOTS((2,2),(0.,3.),.UNSPECIFIED.)
CURVE()
GEOMETRIC_REPRESENTATION_ITEM()
RATIONAL_B_SPLINE_CURVE((1.,1.))
REPRESENTATION_ITEM('')
);
#1527=(
BOUNDED_CURVE()
B_SPLINE_CURVE(1,(#3677,#3678),.UNSPECIFIED.,.F.,.F.)
B_SPLINE_CURVE_WITH_KNOTS((2,2),(0.,3.),.UNSPECIFIED.)
CURVE()
GEOMETRIC_REPRESENTATION_ITEM()
RATIONAL_B_SPLINE_CURVE((1.,1.))
REPRESENTATION_ITEM('')
);
#1528=(
BOUNDED_CURVE()
B_SPLINE_CURVE(1,(#3685,#3686),.UNSPECIFIED.,.F.,.F.)
B_SPLINE_CURVE_WITH_KNOTS((2,2),(0.,3.),.UNSPECIFIED.)
CURVE()
GEOMETRIC_REPRESENTATION_ITEM()
RATIONAL_B_SPLINE_CURVE((1.,1.))
REPRESENTATION_ITEM('')
);
#1529=(
BOUNDED_CURVE()
B_SPLINE_CURVE(1,(#3693,#3694),.UNSPECIFIED.,.F.,.F.)
B_SPLINE_CURVE_WITH_KNOTS((2,2),(0.,3.),.UNSPECIFIED.)
CURVE()
GEOMETRIC_REPRESENTATION_ITEM()
RATIONAL_B_SPLINE_CURVE((1.,1.))
REPRESENTATION_ITEM('')
);
#1530=(
BOUNDED_CURVE()
B_SPLINE_CURVE(1,(#3797,#3798),.UNSPECIFIED.,.F.,.F.)
B_SPLINE_CURVE_WITH_KNOTS((2,2),(0.,16.6),.UNSPECIFIED.)
CURVE()
GEOMETRIC_REPRESENTATION_ITEM()
RATIONAL_B_SPLINE_CURVE((1.,1.))
REPRESENTATION_ITEM('')
);
#1531=(
BOUNDED_CURVE()
B_SPLINE_CURVE(1,(#3819,#3820),.UNSPECIFIED.,.F.,.F.)
B_SPLINE_CURVE_WITH_KNOTS((2,2),(0.,5.),.UNSPECIFIED.)
CURVE()
GEOMETRIC_REPRESENTATION_ITEM()
RATIONAL_B_SPLINE_CURVE((1.,1.))
REPRESENTATION_ITEM('')
);
#1532=(
BOUNDED_CURVE()
B_SPLINE_CURVE(1,(#3830,#3831),.UNSPECIFIED.,.F.,.F.)
B_SPLINE_CURVE_WITH_KNOTS((2,2),(2.03078949445471,13.6307894944547),
 .UNSPECIFIED.)
CURVE()
GEOMETRIC_REPRESENTATION_ITEM()
RATIONAL_B_SPLINE_CURVE((1.,1.))
REPRESENTATION_ITEM('')
);
#1533=(
BOUNDED_CURVE()
B_SPLINE_CURVE(1,(#3835,#3836),.UNSPECIFIED.,.F.,.F.)
B_SPLINE_CURVE_WITH_KNOTS((2,2),(0.,3.),.UNSPECIFIED.)
CURVE()
GEOMETRIC_REPRESENTATION_ITEM()
RATIONAL_B_SPLINE_CURVE((1.,1.))
REPRESENTATION_ITEM('')
);
#1534=(
BOUNDED_CURVE()
B_SPLINE_CURVE(1,(#3843,#3844),.UNSPECIFIED.,.F.,.F.)
B_SPLINE_CURVE_WITH_KNOTS((2,2),(0.,3.),.UNSPECIFIED.)
CURVE()
GEOMETRIC_REPRESENTATION_ITEM()
RATIONAL_B_SPLINE_CURVE((1.,1.))
REPRESENTATION_ITEM('')
);
#1535=(
BOUNDED_CURVE()
B_SPLINE_CURVE(1,(#3851,#3852),.UNSPECIFIED.,.F.,.F.)
B_SPLINE_CURVE_WITH_KNOTS((2,2),(0.,3.),.UNSPECIFIED.)
CURVE()
GEOMETRIC_REPRESENTATION_ITEM()
RATIONAL_B_SPLINE_CURVE((1.,1.))
REPRESENTATION_ITEM('')
);
#1536=(
BOUNDED_CURVE()
B_SPLINE_CURVE(1,(#3859,#3860),.UNSPECIFIED.,.F.,.F.)
B_SPLINE_CURVE_WITH_KNOTS((2,2),(0.,3.),.UNSPECIFIED.)
CURVE()
GEOMETRIC_REPRESENTATION_ITEM()
RATIONAL_B_SPLINE_CURVE((1.,1.))
REPRESENTATION_ITEM('')
);
#1537=(
BOUNDED_CURVE()
B_SPLINE_CURVE(1,(#3867,#3868),.UNSPECIFIED.,.F.,.F.)
B_SPLINE_CURVE_WITH_KNOTS((2,2),(0.,15.),.UNSPECIFIED.)
CURVE()
GEOMETRIC_REPRESENTATION_ITEM()
RATIONAL_B_SPLINE_CURVE((1.,1.))
REPRESENTATION_ITEM('')
);
#1538=(
BOUNDED_CURVE()
B_SPLINE_CURVE(1,(#3872,#3873),.UNSPECIFIED.,.F.,.F.)
B_SPLINE_CURVE_WITH_KNOTS((2,2),(0.,15.),.UNSPECIFIED.)
CURVE()
GEOMETRIC_REPRESENTATION_ITEM()
RATIONAL_B_SPLINE_CURVE((1.,1.))
REPRESENTATION_ITEM('')
);
#1539=(
BOUNDED_CURVE()
B_SPLINE_CURVE(1,(#3901,#3902),.UNSPECIFIED.,.F.,.F.)
B_SPLINE_CURVE_WITH_KNOTS((2,2),(0.,15.),.UNSPECIFIED.)
CURVE()
GEOMETRIC_REPRESENTATION_ITEM()
RATIONAL_B_SPLINE_CURVE((1.,1.))
REPRESENTATION_ITEM('')
);
#1540=(
BOUNDED_CURVE()
B_SPLINE_CURVE(1,(#3916,#3917),.UNSPECIFIED.,.F.,.F.)
B_SPLINE_CURVE_WITH_KNOTS((2,2),(0.,4.99999999999999),.UNSPECIFIED.)
CURVE()
GEOMETRIC_REPRESENTATION_ITEM()
RATIONAL_B_SPLINE_CURVE((1.,1.))
REPRESENTATION_ITEM('')
);
#1541=(
BOUNDED_CURVE()
B_SPLINE_CURVE(1,(#3924,#3925),.UNSPECIFIED.,.F.,.F.)
B_SPLINE_CURVE_WITH_KNOTS((2,2),(2.0307894944547,13.6307894944547),
 .UNSPECIFIED.)
CURVE()
GEOMETRIC_REPRESENTATION_ITEM()
RATIONAL_B_SPLINE_CURVE((1.,1.))
REPRESENTATION_ITEM('')
);
#1542=(
BOUNDED_CURVE()
B_SPLINE_CURVE(1,(#3932,#3933),.UNSPECIFIED.,.F.,.F.)
B_SPLINE_CURVE_WITH_KNOTS((2,2),(0.,3.),.UNSPECIFIED.)
CURVE()
GEOMETRIC_REPRESENTATION_ITEM()
RATIONAL_B_SPLINE_CURVE((1.,1.))
REPRESENTATION_ITEM('')
);
#1543=(
BOUNDED_CURVE()
B_SPLINE_CURVE(1,(#3940,#3941),.UNSPECIFIED.,.F.,.F.)
B_SPLINE_CURVE_WITH_KNOTS((2,2),(0.,3.),.UNSPECIFIED.)
CURVE()
GEOMETRIC_REPRESENTATION_ITEM()
RATIONAL_B_SPLINE_CURVE((1.,1.))
REPRESENTATION_ITEM('')
);
#1544=(
BOUNDED_CURVE()
B_SPLINE_CURVE(1,(#3948,#3949),.UNSPECIFIED.,.F.,.F.)
B_SPLINE_CURVE_WITH_KNOTS((2,2),(0.,3.),.UNSPECIFIED.)
CURVE()
GEOMETRIC_REPRESENTATION_ITEM()
RATIONAL_B_SPLINE_CURVE((1.,1.))
REPRESENTATION_ITEM('')
);
#1545=(
BOUNDED_CURVE()
B_SPLINE_CURVE(1,(#3956,#3957),.UNSPECIFIED.,.F.,.F.)
B_SPLINE_CURVE_WITH_KNOTS((2,2),(0.,3.),.UNSPECIFIED.)
CURVE()
GEOMETRIC_REPRESENTATION_ITEM()
RATIONAL_B_SPLINE_CURVE((1.,1.))
REPRESENTATION_ITEM('')
);
#1546=TRIMMED_CURVE($,#1680,(#2938),(#2939),.T.,.CARTESIAN.);
#1547=TRIMMED_CURVE($,#1681,(#2943),(#2944),.T.,.CARTESIAN.);
#1548=TRIMMED_CURVE($,#1682,(#2978),(#2979),.T.,.CARTESIAN.);
#1549=TRIMMED_CURVE($,#1683,(#2983),(#2984),.T.,.CARTESIAN.);
#1550=TRIMMED_CURVE($,#1684,(#2994),(#2995),.T.,.CARTESIAN.);
#1551=TRIMMED_CURVE($,#1685,(#2999),(#3000),.T.,.CARTESIAN.);
#1552=TRIMMED_CURVE($,#1686,(#3002),(#3003),.T.,.CARTESIAN.);
#1553=TRIMMED_CURVE($,#1687,(#3007),(#3008),.T.,.CARTESIAN.);
#1554=TRIMMED_CURVE($,#1688,(#3012),(#3013),.T.,.CARTESIAN.);
#1555=TRIMMED_CURVE($,#1689,(#3015),(#3016),.T.,.CARTESIAN.);
#1556=TRIMMED_CURVE($,#1690,(#3020),(#3021),.T.,.CARTESIAN.);
#1557=TRIMMED_CURVE($,#1691,(#3023),(#3024),.T.,.CARTESIAN.);
#1558=TRIMMED_CURVE($,#1692,(#3145),(#3146),.T.,.CARTESIAN.);
#1559=TRIMMED_CURVE($,#1693,(#3148),(#3149),.T.,.CARTESIAN.);
#1560=TRIMMED_CURVE($,#1694,(#3151),(#3152),.T.,.CARTESIAN.);
#1561=TRIMMED_CURVE($,#1695,(#3156),(#3157),.T.,.CARTESIAN.);
#1562=TRIMMED_CURVE($,#1696,(#3159),(#3160),.T.,.CARTESIAN.);
#1563=TRIMMED_CURVE($,#1697,(#3164),(#3165),.T.,.CARTESIAN.);
#1564=TRIMMED_CURVE($,#1698,(#3167),(#3168),.T.,.CARTESIAN.);
#1565=TRIMMED_CURVE($,#1699,(#3172),(#3173),.T.,.CARTESIAN.);
#1566=TRIMMED_CURVE($,#1700,(#3175),(#3176),.T.,.CARTESIAN.);
#1567=TRIMMED_CURVE($,#1701,(#3180),(#3181),.T.,.CARTESIAN.);
#1568=TRIMMED_CURVE($,#1702,(#3183),(#3184),.T.,.CARTESIAN.);
#1569=TRIMMED_CURVE($,#1703,(#3188),(#3189),.T.,.CARTESIAN.);
#1570=TRIMMED_CURVE($,#1704,(#3191),(#3192),.T.,.CARTESIAN.);
#1571=TRIMMED_CURVE($,#1705,(#3196),(#3197),.T.,.CARTESIAN.);
#1572=TRIMMED_CURVE($,#1706,(#3199),(#3200),.T.,.CARTESIAN.);
#1573=TRIMMED_CURVE($,#1707,(#3204),(#3205),.T.,.CARTESIAN.);
#1574=TRIMMED_CURVE($,#1708,(#3207),(#3208),.T.,.CARTESIAN.);
#1575=TRIMMED_CURVE($,#1709,(#3212),(#3213),.T.,.CARTESIAN.);
#1576=TRIMMED_CURVE($,#1710,(#3215),(#3216),.T.,.CARTESIAN.);
#1577=TRIMMED_CURVE($,#1711,(#3220),(#3221),.T.,.CARTESIAN.);
#1578=TRIMMED_CURVE($,#1712,(#3227),(#3228),.T.,.CARTESIAN.);
#1579=TRIMMED_CURVE($,#1713,(#3238),(#3239),.T.,.CARTESIAN.);
#1580=TRIMMED_CURVE($,#1714,(#3243),(#3244),.T.,.CARTESIAN.);
#1581=TRIMMED_CURVE($,#1715,(#3254),(#3255),.T.,.CARTESIAN.);
#1582=TRIMMED_CURVE($,#1716,(#3277),(#3278),.T.,.CARTESIAN.);
#1583=TRIMMED_CURVE($,#1717,(#3280),(#3281),.T.,.CARTESIAN.);
#1584=TRIMMED_CURVE($,#1718,(#3285),(#3286),.T.,.CARTESIAN.);
#1585=TRIMMED_CURVE($,#1719,(#3288),(#3289),.T.,.CARTESIAN.);
#1586=TRIMMED_CURVE($,#1720,(#3293),(#3294),.T.,.CARTESIAN.);
#1587=TRIMMED_CURVE($,#1721,(#3296),(#3297),.T.,.CARTESIAN.);
#1588=TRIMMED_CURVE($,#1722,(#3301),(#3302),.T.,.CARTESIAN.);
#1589=TRIMMED_CURVE($,#1723,(#3304),(#3305),.T.,.CARTESIAN.);
#1590=TRIMMED_CURVE($,#1724,(#3309),(#3310),.T.,.CARTESIAN.);
#1591=TRIMMED_CURVE($,#1725,(#3312),(#3313),.T.,.CARTESIAN.);
#1592=TRIMMED_CURVE($,#1726,(#3317),(#3318),.T.,.CARTESIAN.);
#1593=TRIMMED_CURVE($,#1727,(#3320),(#3321),.T.,.CARTESIAN.);
#1594=TRIMMED_CURVE($,#1728,(#3325),(#3326),.T.,.CARTESIAN.);
#1595=TRIMMED_CURVE($,#1729,(#3328),(#3329),.T.,.CARTESIAN.);
#1596=TRIMMED_CURVE($,#1730,(#3333),(#3334),.T.,.CARTESIAN.);
#1597=TRIMMED_CURVE($,#1731,(#3336),(#3337),.T.,.CARTESIAN.);
#1598=TRIMMED_CURVE($,#1732,(#3341),(#3342),.T.,.CARTESIAN.);
#1599=TRIMMED_CURVE($,#1733,(#3344),(#3345),.T.,.CARTESIAN.);
#1600=TRIMMED_CURVE($,#1734,(#3361),(#3362),.T.,.CARTESIAN.);
#1601=TRIMMED_CURVE($,#1735,(#3366),(#3367),.T.,.CARTESIAN.);
#1602=TRIMMED_CURVE($,#1736,(#3369),(#3370),.T.,.CARTESIAN.);
#1603=TRIMMED_CURVE($,#1737,(#3374),(#3375),.T.,.CARTESIAN.);
#1604=TRIMMED_CURVE($,#1738,(#3379),(#3380),.T.,.CARTESIAN.);
#1605=TRIMMED_CURVE($,#1739,(#3382),(#3383),.T.,.CARTESIAN.);
#1606=TRIMMED_CURVE($,#1740,(#3387),(#3388),.T.,.CARTESIAN.);
#1607=TRIMMED_CURVE($,#1741,(#3390),(#3391),.T.,.CARTESIAN.);
#1608=TRIMMED_CURVE($,#1742,(#3407),(#3408),.T.,.CARTESIAN.);
#1609=TRIMMED_CURVE($,#1743,(#3412),(#3413),.T.,.CARTESIAN.);
#1610=TRIMMED_CURVE($,#1744,(#3415),(#3416),.T.,.CARTESIAN.);
#1611=TRIMMED_CURVE($,#1745,(#3420),(#3421),.T.,.CARTESIAN.);
#1612=TRIMMED_CURVE($,#1746,(#3425),(#3426),.T.,.CARTESIAN.);
#1613=TRIMMED_CURVE($,#1747,(#3428),(#3429),.T.,.CARTESIAN.);
#1614=TRIMMED_CURVE($,#1748,(#3433),(#3434),.T.,.CARTESIAN.);
#1615=TRIMMED_CURVE($,#1749,(#3436),(#3437),.T.,.CARTESIAN.);
#1616=TRIMMED_CURVE($,#1750,(#3532),(#3533),.T.,.CARTESIAN.);
#1617=TRIMMED_CURVE($,#1751,(#3537),(#3538),.T.,.CARTESIAN.);
#1618=TRIMMED_CURVE($,#1752,(#3548),(#3549),.T.,.CARTESIAN.);
#1619=TRIMMED_CURVE($,#1753,(#3551),(#3552),.T.,.CARTESIAN.);
#1620=TRIMMED_CURVE($,#1754,(#3554),(#3555),.T.,.CARTESIAN.);
#1621=TRIMMED_CURVE($,#1755,(#3559),(#3560),.T.,.CARTESIAN.);
#1622=TRIMMED_CURVE($,#1756,(#3562),(#3563),.T.,.CARTESIAN.);
#1623=TRIMMED_CURVE($,#1757,(#3565),(#3566),.T.,.CARTESIAN.);
#1624=TRIMMED_CURVE($,#1758,(#3570),(#3571),.T.,.CARTESIAN.);
#1625=TRIMMED_CURVE($,#1759,(#3575),(#3576),.T.,.CARTESIAN.);
#1626=TRIMMED_CURVE($,#1760,(#3578),(#3579),.T.,.CARTESIAN.);
#1627=TRIMMED_CURVE($,#1761,(#3583),(#3584),.T.,.CARTESIAN.);
#1628=TRIMMED_CURVE($,#1762,(#3586),(#3587),.T.,.CARTESIAN.);
#1629=TRIMMED_CURVE($,#1763,(#3591),(#3592),.T.,.CARTESIAN.);
#1630=TRIMMED_CURVE($,#1764,(#3594),(#3595),.T.,.CARTESIAN.);
#1631=TRIMMED_CURVE($,#1765,(#3599),(#3600),.T.,.CARTESIAN.);
#1632=TRIMMED_CURVE($,#1766,(#3602),(#3603),.T.,.CARTESIAN.);
#1633=TRIMMED_CURVE($,#1767,(#3607),(#3608),.T.,.CARTESIAN.);
#1634=TRIMMED_CURVE($,#1768,(#3636),(#3637),.T.,.CARTESIAN.);
#1635=TRIMMED_CURVE($,#1769,(#3641),(#3642),.T.,.CARTESIAN.);
#1636=TRIMMED_CURVE($,#1770,(#3656),(#3657),.T.,.CARTESIAN.);
#1637=TRIMMED_CURVE($,#1771,(#3659),(#3660),.T.,.CARTESIAN.);
#1638=TRIMMED_CURVE($,#1772,(#3664),(#3665),.T.,.CARTESIAN.);
#1639=TRIMMED_CURVE($,#1773,(#3667),(#3668),.T.,.CARTESIAN.);
#1640=TRIMMED_CURVE($,#1774,(#3672),(#3673),.T.,.CARTESIAN.);
#1641=TRIMMED_CURVE($,#1775,(#3675),(#3676),.T.,.CARTESIAN.);
#1642=TRIMMED_CURVE($,#1776,(#3680),(#3681),.T.,.CARTESIAN.);
#1643=TRIMMED_CURVE($,#1777,(#3683),(#3684),.T.,.CARTESIAN.);
#1644=TRIMMED_CURVE($,#1778,(#3688),(#3689),.T.,.CARTESIAN.);
#1645=TRIMMED_CURVE($,#1779,(#3691),(#3692),.T.,.CARTESIAN.);
#1646=TRIMMED_CURVE($,#1780,(#3696),(#3697),.T.,.CARTESIAN.);
#1647=TRIMMED_CURVE($,#1781,(#3699),(#3700),.T.,.CARTESIAN.);
#1648=TRIMMED_CURVE($,#1782,(#3795),(#3796),.T.,.CARTESIAN.);
#1649=TRIMMED_CURVE($,#1783,(#3800),(#3801),.T.,.CARTESIAN.);
#1650=TRIMMED_CURVE($,#1784,(#3811),(#3812),.T.,.CARTESIAN.);
#1651=TRIMMED_CURVE($,#1785,(#3814),(#3815),.T.,.CARTESIAN.);
#1652=TRIMMED_CURVE($,#1786,(#3817),(#3818),.T.,.CARTESIAN.);
#1653=TRIMMED_CURVE($,#1787,(#3822),(#3823),.T.,.CARTESIAN.);
#1654=TRIMMED_CURVE($,#1788,(#3825),(#3826),.T.,.CARTESIAN.);
#1655=TRIMMED_CURVE($,#1789,(#3828),(#3829),.T.,.CARTESIAN.);
#1656=TRIMMED_CURVE($,#1790,(#3833),(#3834),.T.,.CARTESIAN.);
#1657=TRIMMED_CURVE($,#1791,(#3838),(#3839),.T.,.CARTESIAN.);
#1658=TRIMMED_CURVE($,#1792,(#3841),(#3842),.T.,.CARTESIAN.);
#1659=TRIMMED_CURVE($,#1793,(#3846),(#3847),.T.,.CARTESIAN.);
#1660=TRIMMED_CURVE($,#1794,(#3849),(#3850),.T.,.CARTESIAN.);
#1661=TRIMMED_CURVE($,#1795,(#3854),(#3855),.T.,.CARTESIAN.);
#1662=TRIMMED_CURVE($,#1796,(#3857),(#3858),.T.,.CARTESIAN.);
#1663=TRIMMED_CURVE($,#1797,(#3862),(#3863),.T.,.CARTESIAN.);
#1664=TRIMMED_CURVE($,#1798,(#3865),(#3866),.T.,.CARTESIAN.);
#1665=TRIMMED_CURVE($,#1799,(#3870),(#3871),.T.,.CARTESIAN.);
#1666=TRIMMED_CURVE($,#1800,(#3899),(#3900),.T.,.CARTESIAN.);
#1667=TRIMMED_CURVE($,#1801,(#3904),(#3905),.T.,.CARTESIAN.);
#1668=TRIMMED_CURVE($,#1802,(#3919),(#3920),.T.,.CARTESIAN.);
#1669=TRIMMED_CURVE($,#1803,(#3922),(#3923),.T.,.CARTESIAN.);
#1670=TRIMMED_CURVE($,#1804,(#3927),(#3928),.T.,.CARTESIAN.);
#1671=TRIMMED_CURVE($,#1805,(#3930),(#3931),.T.,.CARTESIAN.);
#1672=TRIMMED_CURVE($,#1806,(#3935),(#3936),.T.,.CARTESIAN.);
#1673=TRIMMED_CURVE($,#1807,(#3938),(#3939),.T.,.CARTESIAN.);
#1674=TRIMMED_CURVE($,#1808,(#3943),(#3944),.T.,.CARTESIAN.);
#1675=TRIMMED_CURVE($,#1809,(#3946),(#3947),.T.,.CARTESIAN.);
#1676=TRIMMED_CURVE($,#1810,(#3951),(#3952),.T.,.CARTESIAN.);
#1677=TRIMMED_CURVE($,#1811,(#3954),(#3955),.T.,.CARTESIAN.);
#1678=TRIMMED_CURVE($,#1812,(#3959),(#3960),.T.,.CARTESIAN.);
#1679=TRIMMED_CURVE($,#1813,(#3962),(#3963),.T.,.CARTESIAN.);
#1680=CIRCLE('',#2247,0.999999999999545);
#1681=CIRCLE('',#2248,0.999999999999545);
#1682=CIRCLE('',#2249,1.0000000000001);
#1683=CIRCLE('',#2250,1.0000000000001);
#1684=CIRCLE('',#2251,2.50000000000021);
#1685=CIRCLE('',#2252,2.50000000000005);
#1686=CIRCLE('',#2253,2.49999999999994);
#1687=CIRCLE('',#2254,2.49999999999987);
#1688=CIRCLE('',#2255,2.49999999999999);
#1689=CIRCLE('',#2256,2.50000000000015);
#1690=CIRCLE('',#2257,2.49999999999995);
#1691=CIRCLE('',#2258,2.50000000000003);
#1692=CIRCLE('',#2298,110.);
#1693=CIRCLE('',#2299,110.);
#1694=CIRCLE('',#2300,75.);
#1695=CIRCLE('',#2301,75.);
#1696=CIRCLE('',#2302,3.);
#1697=CIRCLE('',#2303,3.);
#1698=CIRCLE('',#2304,3.00000000000045);
#1699=CIRCLE('',#2305,3.00000000000045);
#1700=CIRCLE('',#2306,3.00000000000023);
#1701=CIRCLE('',#2307,3.00000000000023);
#1702=CIRCLE('',#2308,3.);
#1703=CIRCLE('',#2309,3.);
#1704=CIRCLE('',#2310,3.00000000000045);
#1705=CIRCLE('',#2311,3.00000000000045);
#1706=CIRCLE('',#2312,2.99999999999977);
#1707=CIRCLE('',#2313,2.99999999999977);
#1708=CIRCLE('',#2314,3.);
#1709=CIRCLE('',#2315,3.);
#1710=CIRCLE('',#2316,3.);
#1711=CIRCLE('',#2317,3.);
#1712=CIRCLE('',#2318,1.99999999999955);
#1713=CIRCLE('',#2319,2.00000000000046);
#1714=CIRCLE('',#2320,2.);
#1715=CIRCLE('',#2321,2.00000000000064);
#1716=CIRCLE('',#2322,75.0000000000005);
#1717=CIRCLE('',#2323,75.0000000000005);
#1718=CIRCLE('',#2324,3.);
#1719=CIRCLE('',#2325,3.);
#1720=CIRCLE('',#2326,3.);
#1721=CIRCLE('',#2327,3.);
#1722=CIRCLE('',#2328,3.);
#1723=CIRCLE('',#2329,3.);
#1724=CIRCLE('',#2330,3.);
#1725=CIRCLE('',#2331,3.);
#1726=CIRCLE('',#2332,3.);
#1727=CIRCLE('',#2333,3.);
#1728=CIRCLE('',#2334,3.00000000000023);
#1729=CIRCLE('',#2335,3.00000000000023);
#1730=CIRCLE('',#2336,3.);
#1731=CIRCLE('',#2337,3.);
#1732=CIRCLE('',#2338,3.);
#1733=CIRCLE('',#2339,3.);
#1734=CIRCLE('',#2346,100.);
#1735=CIRCLE('',#2347,100.);
#1736=CIRCLE('',#2348,5.15000000000009);
#1737=CIRCLE('',#2349,5.15000000000009);
#1738=CIRCLE('',#2350,100.);
#1739=CIRCLE('',#2351,100.);
#1740=CIRCLE('',#2352,5.15000000000009);
#1741=CIRCLE('',#2353,5.15000000000009);
#1742=CIRCLE('',#2360,99.9999999999998);
#1743=CIRCLE('',#2361,99.9999999999998);
#1744=CIRCLE('',#2362,5.15000000000032);
#1745=CIRCLE('',#2363,5.15000000000032);
#1746=CIRCLE('',#2364,100.);
#1747=CIRCLE('',#2365,100.);
#1748=CIRCLE('',#2366,5.14999999999964);
#1749=CIRCLE('',#2367,5.14999999999964);
#1750=CIRCLE('',#2399,110.);
#1751=CIRCLE('',#2400,110.);
#1752=CIRCLE('',#2401,110.);
#1753=CIRCLE('',#2402,110.);
#1754=CIRCLE('',#2403,101.);
#1755=CIRCLE('',#2404,101.);
#1756=CIRCLE('',#2405,74.9999999999998);
#1757=CIRCLE('',#2406,74.9999999999998);
#1758=CIRCLE('',#2407,3.00000000000023);
#1759=CIRCLE('',#2408,3.00000000000023);
#1760=CIRCLE('',#2409,3.);
#1761=CIRCLE('',#2410,3.);
#1762=CIRCLE('',#2411,3.00000000000023);
#1763=CIRCLE('',#2412,3.00000000000023);
#1764=CIRCLE('',#2413,2.99999999999977);
#1765=CIRCLE('',#2414,2.99999999999977);
#1766=CIRCLE('',#2415,2.);
#1767=CIRCLE('',#2416,2.);
#1768=CIRCLE('',#2417,2.00000000000001);
#1769=CIRCLE('',#2418,2.00000000000001);
#1770=CIRCLE('',#2419,101.);
#1771=CIRCLE('',#2420,101.);
#1772=CIRCLE('',#2421,75.0000000000002);
#1773=CIRCLE('',#2422,75.0000000000002);
#1774=CIRCLE('',#2423,3.);
#1775=CIRCLE('',#2424,3.);
#1776=CIRCLE('',#2425,3.);
#1777=CIRCLE('',#2426,3.);
#1778=CIRCLE('',#2427,3.00000000000023);
#1779=CIRCLE('',#2428,3.00000000000023);
#1780=CIRCLE('',#2429,3.00000000000045);
#1781=CIRCLE('',#2430,3.00000000000045);
#1782=CIRCLE('',#2462,110.);
#1783=CIRCLE('',#2463,110.);
#1784=CIRCLE('',#2464,110.);
#1785=CIRCLE('',#2465,110.);
#1786=CIRCLE('',#2466,101.);
#1787=CIRCLE('',#2467,101.);
#1788=CIRCLE('',#2468,75.);
#1789=CIRCLE('',#2469,75.);
#1790=CIRCLE('',#2470,3.);
#1791=CIRCLE('',#2471,3.);
#1792=CIRCLE('',#2472,3.);
#1793=CIRCLE('',#2473,3.);
#1794=CIRCLE('',#2474,3.);
#1795=CIRCLE('',#2475,3.);
#1796=CIRCLE('',#2476,3.);
#1797=CIRCLE('',#2477,3.);
#1798=CIRCLE('',#2478,2.);
#1799=CIRCLE('',#2479,2.);
#1800=CIRCLE('',#2480,1.9999999999996);
#1801=CIRCLE('',#2481,1.9999999999996);
#1802=CIRCLE('',#2482,101.);
#1803=CIRCLE('',#2483,101.);
#1804=CIRCLE('',#2484,75.);
#1805=CIRCLE('',#2485,75.);
#1806=CIRCLE('',#2486,3.);
#1807=CIRCLE('',#2487,3.);
#1808=CIRCLE('',#2488,3.);
#1809=CIRCLE('',#2489,3.);
#1810=CIRCLE('',#2490,3.);
#1811=CIRCLE('',#2491,3.);
#1812=CIRCLE('',#2492,3.00000000000023);
#1813=CIRCLE('',#2493,3.00000000000023);
#1814=VERTEX_POINT('',#2913);
#1815=VERTEX_POINT('',#2914);
#1816=VERTEX_POINT('',#2915);
#1817=VERTEX_POINT('',#2916);
#1818=VERTEX_POINT('',#2917);
#1819=VERTEX_POINT('',#2918);
#1820=VERTEX_POINT('',#2919);
#1821=VERTEX_POINT('',#2920);
#1822=VERTEX_POINT('',#2921);
#1823=VERTEX_POINT('',#2922);
#1824=VERTEX_POINT('',#2923);
#1825=VERTEX_POINT('',#2924);
#1826=VERTEX_POINT('',#2925);
#1827=VERTEX_POINT('',#2926);
#1828=VERTEX_POINT('',#2927);
#1829=VERTEX_POINT('',#2928);
#1830=VERTEX_POINT('',#2929);
#1831=VERTEX_POINT('',#2930);
#1832=VERTEX_POINT('',#2931);
#1833=VERTEX_POINT('',#2932);
#1834=VERTEX_POINT('',#2933);
#1835=VERTEX_POINT('',#2934);
#1836=VERTEX_POINT('',#2935);
#1837=VERTEX_POINT('',#2936);
#1838=VERTEX_POINT('',#3064);
#1839=VERTEX_POINT('',#3065);
#1840=VERTEX_POINT('',#3066);
#1841=VERTEX_POINT('',#3067);
#1842=VERTEX_POINT('',#3068);
#1843=VERTEX_POINT('',#3069);
#1844=VERTEX_POINT('',#3070);
#1845=VERTEX_POINT('',#3071);
#1846=VERTEX_POINT('',#3072);
#1847=VERTEX_POINT('',#3073);
#1848=VERTEX_POINT('',#3074);
#1849=VERTEX_POINT('',#3075);
#1850=VERTEX_POINT('',#3076);
#1851=VERTEX_POINT('',#3077);
#1852=VERTEX_POINT('',#3078);
#1853=VERTEX_POINT('',#3079);
#1854=VERTEX_POINT('',#3080);
#1855=VERTEX_POINT('',#3081);
#1856=VERTEX_POINT('',#3082);
#1857=VERTEX_POINT('',#3083);
#1858=VERTEX_POINT('',#3084);
#1859=VERTEX_POINT('',#3085);
#1860=VERTEX_POINT('',#3086);
#1861=VERTEX_POINT('',#3087);
#1862=VERTEX_POINT('',#3088);
#1863=VERTEX_POINT('',#3089);
#1864=VERTEX_POINT('',#3090);
#1865=VERTEX_POINT('',#3091);
#1866=VERTEX_POINT('',#3092);
#1867=VERTEX_POINT('',#3093);
#1868=VERTEX_POINT('',#3094);
#1869=VERTEX_POINT('',#3095);
#1870=VERTEX_POINT('',#3096);
#1871=VERTEX_POINT('',#3097);
#1872=VERTEX_POINT('',#3098);
#1873=VERTEX_POINT('',#3099);
#1874=VERTEX_POINT('',#3100);
#1875=VERTEX_POINT('',#3101);
#1876=VERTEX_POINT('',#3102);
#1877=VERTEX_POINT('',#3103);
#1878=VERTEX_POINT('',#3104);
#1879=VERTEX_POINT('',#3105);
#1880=VERTEX_POINT('',#3106);
#1881=VERTEX_POINT('',#3107);
#1882=VERTEX_POINT('',#3108);
#1883=VERTEX_POINT('',#3109);
#1884=VERTEX_POINT('',#3110);
#1885=VERTEX_POINT('',#3111);
#1886=VERTEX_POINT('',#3112);
#1887=VERTEX_POINT('',#3113);
#1888=VERTEX_POINT('',#3114);
#1889=VERTEX_POINT('',#3115);
#1890=VERTEX_POINT('',#3116);
#1891=VERTEX_POINT('',#3117);
#1892=VERTEX_POINT('',#3118);
#1893=VERTEX_POINT('',#3119);
#1894=VERTEX_POINT('',#3120);
#1895=VERTEX_POINT('',#3121);
#1896=VERTEX_POINT('',#3122);
#1897=VERTEX_POINT('',#3123);
#1898=VERTEX_POINT('',#3352);
#1899=VERTEX_POINT('',#3353);
#1900=VERTEX_POINT('',#3354);
#1901=VERTEX_POINT('',#3355);
#1902=VERTEX_POINT('',#3356);
#1903=VERTEX_POINT('',#3357);
#1904=VERTEX_POINT('',#3358);
#1905=VERTEX_POINT('',#3359);
#1906=VERTEX_POINT('',#3398);
#1907=VERTEX_POINT('',#3399);
#1908=VERTEX_POINT('',#3400);
#1909=VERTEX_POINT('',#3401);
#1910=VERTEX_POINT('',#3402);
#1911=VERTEX_POINT('',#3403);
#1912=VERTEX_POINT('',#3404);
#1913=VERTEX_POINT('',#3405);
#1914=VERTEX_POINT('',#3469);
#1915=VERTEX_POINT('',#3470);
#1916=VERTEX_POINT('',#3471);
#1917=VERTEX_POINT('',#3472);
#1918=VERTEX_POINT('',#3473);
#1919=VERTEX_POINT('',#3474);
#1920=VERTEX_POINT('',#3475);
#1921=VERTEX_POINT('',#3476);
#1922=VERTEX_POINT('',#3477);
#1923=VERTEX_POINT('',#3478);
#1924=VERTEX_POINT('',#3479);
#1925=VERTEX_POINT('',#3480);
#1926=VERTEX_POINT('',#3481);
#1927=VERTEX_POINT('',#3482);
#1928=VERTEX_POINT('',#3483);
#1929=VERTEX_POINT('',#3484);
#1930=VERTEX_POINT('',#3485);
#1931=VERTEX_POINT('',#3486);
#1932=VERTEX_POINT('',#3487);
#1933=VERTEX_POINT('',#3488);
#1934=VERTEX_POINT('',#3489);
#1935=VERTEX_POINT('',#3490);
#1936=VERTEX_POINT('',#3491);
#1937=VERTEX_POINT('',#3492);
#1938=VERTEX_POINT('',#3493);
#1939=VERTEX_POINT('',#3494);
#1940=VERTEX_POINT('',#3495);
#1941=VERTEX_POINT('',#3496);
#1942=VERTEX_POINT('',#3497);
#1943=VERTEX_POINT('',#3498);
#1944=VERTEX_POINT('',#3499);
#1945=VERTEX_POINT('',#3500);
#1946=VERTEX_POINT('',#3501);
#1947=VERTEX_POINT('',#3502);
#1948=VERTEX_POINT('',#3503);
#1949=VERTEX_POINT('',#3504);
#1950=VERTEX_POINT('',#3505);
#1951=VERTEX_POINT('',#3506);
#1952=VERTEX_POINT('',#3507);
#1953=VERTEX_POINT('',#3508);
#1954=VERTEX_POINT('',#3509);
#1955=VERTEX_POINT('',#3510);
#1956=VERTEX_POINT('',#3511);
#1957=VERTEX_POINT('',#3512);
#1958=VERTEX_POINT('',#3513);
#1959=VERTEX_POINT('',#3514);
#1960=VERTEX_POINT('',#3515);
#1961=VERTEX_POINT('',#3516);
#1962=VERTEX_POINT('',#3517);
#1963=VERTEX_POINT('',#3518);
#1964=VERTEX_POINT('',#3732);
#1965=VERTEX_POINT('',#3733);
#1966=VERTEX_POINT('',#3734);
#1967=VERTEX_POINT('',#3735);
#1968=VERTEX_POINT('',#3736);
#1969=VERTEX_POINT('',#3737);
#1970=VERTEX_POINT('',#3738);
#1971=VERTEX_POINT('',#3739);
#1972=VERTEX_POINT('',#3740);
#1973=VERTEX_POINT('',#3741);
#1974=VERTEX_POINT('',#3742);
#1975=VERTEX_POINT('',#3743);
#1976=VERTEX_POINT('',#3744);
#1977=VERTEX_POINT('',#3745);
#1978=VERTEX_POINT('',#3746);
#1979=VERTEX_POINT('',#3747);
#1980=VERTEX_POINT('',#3748);
#1981=VERTEX_POINT('',#3749);
#1982=VERTEX_POINT('',#3750);
#1983=VERTEX_POINT('',#3751);
#1984=VERTEX_POINT('',#3752);
#1985=VERTEX_POINT('',#3753);
#1986=VERTEX_POINT('',#3754);
#1987=VERTEX_POINT('',#3755);
#1988=VERTEX_POINT('',#3756);
#1989=VERTEX_POINT('',#3757);
#1990=VERTEX_POINT('',#3758);
#1991=VERTEX_POINT('',#3759);
#1992=VERTEX_POINT('',#3760);
#1993=VERTEX_POINT('',#3761);
#1994=VERTEX_POINT('',#3762);
#1995=VERTEX_POINT('',#3763);
#1996=VERTEX_POINT('',#3764);
#1997=VERTEX_POINT('',#3765);
#1998=VERTEX_POINT('',#3766);
#1999=VERTEX_POINT('',#3767);
#2000=VERTEX_POINT('',#3768);
#2001=VERTEX_POINT('',#3769);
#2002=VERTEX_POINT('',#3770);
#2003=VERTEX_POINT('',#3771);
#2004=VERTEX_POINT('',#3772);
#2005=VERTEX_POINT('',#3773);
#2006=VERTEX_POINT('',#3774);
#2007=VERTEX_POINT('',#3775);
#2008=VERTEX_POINT('',#3776);
#2009=VERTEX_POINT('',#3777);
#2010=VERTEX_POINT('',#3778);
#2011=VERTEX_POINT('',#3779);
#2012=VERTEX_POINT('',#3780);
#2013=VERTEX_POINT('',#3781);
#2014=PLANE('',#2232);
#2015=PLANE('',#2233);
#2016=PLANE('',#2234);
#2017=PLANE('',#2235);
#2018=PLANE('',#2236);
#2019=PLANE('',#2238);
#2020=PLANE('',#2239);
#2021=PLANE('',#2240);
#2022=PLANE('',#2242);
#2023=PLANE('',#2244);
#2024=PLANE('',#2259);
#2025=PLANE('',#2260);
#2026=PLANE('',#2261);
#2027=PLANE('',#2264);
#2028=PLANE('',#2265);
#2029=PLANE('',#2266);
#2030=PLANE('',#2267);
#2031=PLANE('',#2269);
#2032=PLANE('',#2288);
#2033=PLANE('',#2289);
#2034=PLANE('',#2290);
#2035=PLANE('',#2291);
#2036=PLANE('',#2292);
#2037=PLANE('',#2293);
#2038=PLANE('',#2294);
#2039=PLANE('',#2295);
#2040=PLANE('',#2296);
#2041=PLANE('',#2297);
#2042=PLANE('',#2341);
#2043=PLANE('',#2342);
#2044=PLANE('',#2355);
#2045=PLANE('',#2356);
#2046=PLANE('',#2368);
#2047=PLANE('',#2369);
#2048=PLANE('',#2370);
#2049=PLANE('',#2372);
#2050=PLANE('',#2373);
#2051=PLANE('',#2375);
#2052=PLANE('',#2376);
#2053=PLANE('',#2377);
#2054=PLANE('',#2378);
#2055=PLANE('',#2380);
#2056=PLANE('',#2393);
#2057=PLANE('',#2394);
#2058=PLANE('',#2395);
#2059=PLANE('',#2396);
#2060=PLANE('',#2397);
#2061=PLANE('',#2398);
#2062=PLANE('',#2431);
#2063=PLANE('',#2432);
#2064=PLANE('',#2433);
#2065=PLANE('',#2435);
#2066=PLANE('',#2436);
#2067=PLANE('',#2438);
#2068=PLANE('',#2439);
#2069=PLANE('',#2440);
#2070=PLANE('',#2441);
#2071=PLANE('',#2443);
#2072=PLANE('',#2456);
#2073=PLANE('',#2457);
#2074=PLANE('',#2458);
#2075=PLANE('',#2459);
#2076=PLANE('',#2460);
#2077=PLANE('',#2461);
#2078=CYLINDRICAL_SURFACE('',#2231,0.999999999999545);
#2079=CYLINDRICAL_SURFACE('',#2237,1.0000000000001);
#2080=CYLINDRICAL_SURFACE('',#2241,2.50000000000004);
#2081=CYLINDRICAL_SURFACE('',#2243,2.49999999999976);
#2082=CYLINDRICAL_SURFACE('',#2245,2.49999999999991);
#2083=CYLINDRICAL_SURFACE('',#2246,2.50000000000014);
#2084=CYLINDRICAL_SURFACE('',#2262,110.);
#2085=CYLINDRICAL_SURFACE('',#2263,2.00000000000045);
#2086=CYLINDRICAL_SURFACE('',#2268,2.00000000000037);
#2087=CYLINDRICAL_SURFACE('',#2270,75.);
#2088=CYLINDRICAL_SURFACE('',#2271,75.0000000000005);
#2089=CYLINDRICAL_SURFACE('',#2272,3.);
#2090=CYLINDRICAL_SURFACE('',#2273,3.);
#2091=CYLINDRICAL_SURFACE('',#2274,3.00000000000045);
#2092=CYLINDRICAL_SURFACE('',#2275,3.);
#2093=CYLINDRICAL_SURFACE('',#2276,3.00000000000023);
#2094=CYLINDRICAL_SURFACE('',#2277,3.);
#2095=CYLINDRICAL_SURFACE('',#2278,3.);
#2096=CYLINDRICAL_SURFACE('',#2279,3.);
#2097=CYLINDRICAL_SURFACE('',#2280,3.00000000000045);
#2098=CYLINDRICAL_SURFACE('',#2281,3.);
#2099=CYLINDRICAL_SURFACE('',#2282,2.99999999999977);
#2100=CYLINDRICAL_SURFACE('',#2283,3.00000000000023);
#2101=CYLINDRICAL_SURFACE('',#2284,3.);
#2102=CYLINDRICAL_SURFACE('',#2285,3.);
#2103=CYLINDRICAL_SURFACE('',#2286,3.);
#2104=CYLINDRICAL_SURFACE('',#2287,3.);
#2105=CYLINDRICAL_SURFACE('',#2340,100.);
#2106=CYLINDRICAL_SURFACE('',#2343,5.15000000000009);
#2107=CYLINDRICAL_SURFACE('',#2344,100.);
#2108=CYLINDRICAL_SURFACE('',#2345,5.15000000000009);
#2109=CYLINDRICAL_SURFACE('',#2354,99.9999999999998);
#2110=CYLINDRICAL_SURFACE('',#2357,5.15000000000032);
#2111=CYLINDRICAL_SURFACE('',#2358,100.);
#2112=CYLINDRICAL_SURFACE('',#2359,5.14999999999964);
#2113=CYLINDRICAL_SURFACE('',#2371,110.);
#2114=CYLINDRICAL_SURFACE('',#2374,2.);
#2115=CYLINDRICAL_SURFACE('',#2379,2.00000000000001);
#2116=CYLINDRICAL_SURFACE('',#2381,101.);
#2117=CYLINDRICAL_SURFACE('',#2382,101.);
#2118=CYLINDRICAL_SURFACE('',#2383,74.9999999999998);
#2119=CYLINDRICAL_SURFACE('',#2384,75.0000000000002);
#2120=CYLINDRICAL_SURFACE('',#2385,3.00000000000023);
#2121=CYLINDRICAL_SURFACE('',#2386,3.);
#2122=CYLINDRICAL_SURFACE('',#2387,3.);
#2123=CYLINDRICAL_SURFACE('',#2388,3.);
#2124=CYLINDRICAL_SURFACE('',#2389,3.00000000000023);
#2125=CYLINDRICAL_SURFACE('',#2390,3.00000000000023);
#2126=CYLINDRICAL_SURFACE('',#2391,2.99999999999977);
#2127=CYLINDRICAL_SURFACE('',#2392,3.00000000000045);
#2128=CYLINDRICAL_SURFACE('',#2434,110.);
#2129=CYLINDRICAL_SURFACE('',#2437,2.);
#2130=CYLINDRICAL_SURFACE('',#2442,1.99999999999978);
#2131=CYLINDRICAL_SURFACE('',#2444,101.);
#2132=CYLINDRICAL_SURFACE('',#2445,101.);
#2133=CYLINDRICAL_SURFACE('',#2446,75.);
#2134=CYLINDRICAL_SURFACE('',#2447,75.);
#2135=CYLINDRICAL_SURFACE('',#2448,3.);
#2136=CYLINDRICAL_SURFACE('',#2449,3.);
#2137=CYLINDRICAL_SURFACE('',#2450,3.);
#2138=CYLINDRICAL_SURFACE('',#2451,3.);
#2139=CYLINDRICAL_SURFACE('',#2452,3.);
#2140=CYLINDRICAL_SURFACE('',#2453,3.);
#2141=CYLINDRICAL_SURFACE('',#2454,3.);
#2142=CYLINDRICAL_SURFACE('',#2455,3.00000000000023);
#2143=SHAPE_DEFINITION_REPRESENTATION(#2144,#2229);
#2144=PRODUCT_DEFINITION_SHAPE($,$,#2146);
#2145=PRODUCT_DEFINITION_CONTEXT('3D Mechanical Parts',#2218,'design');
#2146=PRODUCT_DEFINITION('A','First version',#2188,#2145);
#2147=DATE_TIME_ROLE('classification_date');
#2148=DATE_TIME_ROLE('creation_date');
#2149=APPLIED_DATE_AND_TIME_ASSIGNMENT(#2173,#2147,(#2152));
#2150=APPLIED_DATE_AND_TIME_ASSIGNMENT(#2175,#2148,(#2146));
#2151=SECURITY_CLASSIFICATION_LEVEL('unclassified');
#2152=SECURITY_CLASSIFICATION('A','Security for version',#2151);
#2153=APPLIED_SECURITY_CLASSIFICATION_ASSIGNMENT(#2152,(#2188));
#2154=APPROVAL_ROLE('Version approval');
#2155=APPROVAL_ROLE('Version Security approval');
#2156=APPROVAL_ROLE('Definition approval');
#2157=APPROVAL_PERSON_ORGANIZATION(#2206,#2182,#2154);
#2158=APPROVAL_PERSON_ORGANIZATION(#2207,#2183,#2155);
#2159=APPROVAL_PERSON_ORGANIZATION(#2210,#2184,#2156);
#2160=COORDINATED_UNIVERSAL_TIME_OFFSET(5,0,.BEHIND.);
#2161=LOCAL_TIME(0,0,0.,#2160);
#2162=LOCAL_TIME(0,0,0.,#2160);
#2163=LOCAL_TIME(0,0,0.,#2160);
#2164=LOCAL_TIME(0,0,0.,#2160);
#2165=LOCAL_TIME(0,0,0.,#2160);
#2166=CALENDAR_DATE(1999,1,1);
#2167=CALENDAR_DATE(1999,1,1);
#2168=CALENDAR_DATE(1999,1,1);
#2169=CALENDAR_DATE(1999,1,1);
#2170=CALENDAR_DATE(1999,1,1);
#2171=DATE_AND_TIME(#2166,#2161);
#2172=DATE_AND_TIME(#2167,#2162);
#2173=DATE_AND_TIME(#2168,#2163);
#2174=DATE_AND_TIME(#2169,#2164);
#2175=DATE_AND_TIME(#2170,#2165);
#2176=APPROVAL_DATE_TIME(#2171,#2182);
#2177=APPROVAL_DATE_TIME(#2172,#2183);
#2178=APPROVAL_DATE_TIME(#2174,#2184);
#2179=APPROVAL_STATUS('not_yet_approved');
#2180=APPROVAL_STATUS('not_yet_approved');
#2181=APPROVAL_STATUS('approved');
#2182=APPROVAL(#2179,'Version approval');
#2183=APPROVAL(#2180,'Version Security approval');
#2184=APPROVAL(#2181,'Definition approval');
#2185=APPLIED_APPROVAL_ASSIGNMENT(#2182,(#2188));
#2186=APPLIED_APPROVAL_ASSIGNMENT(#2183,(#2152));
#2187=APPLIED_APPROVAL_ASSIGNMENT(#2184,(#2146));
#2188=PRODUCT_DEFINITION_FORMATION_WITH_SPECIFIED_SOURCE('A',
'First version',#2220,.MADE.);
#2189=PERSON_AND_ORGANIZATION_ROLE('design_owner');
#2190=PERSON_AND_ORGANIZATION_ROLE('creator');
#2191=PERSON_AND_ORGANIZATION_ROLE('design_supplier');
#2192=PERSON_AND_ORGANIZATION_ROLE('classification_officer');
#2193=PERSON_AND_ORGANIZATION_ROLE('creator');
#2194=ORGANIZATION('STI','lab','lab');
#2195=ORGANIZATION('STI','unknown','unknown');
#2196=ORGANIZATION('STI','unknown','unknown');
#2197=ORGANIZATION('STI','unknown','unknown');
#2198=ORGANIZATION('STI','unknown','unknown');
#2199=ORGANIZATION('STI','unknown','unknown');
#2200=ORGANIZATION('STI','unknown','unknown');
#2201=PERSON('1','Box','vc60',$,$,$);
#2202=PERSON('2','last','first',$,$,$);
#2203=PERSON('3','President','Mr.',$,$,$);
#2204=PERSON_AND_ORGANIZATION(#2201,#2194);
#2205=PERSON_AND_ORGANIZATION(#2202,#2195);
#2206=PERSON_AND_ORGANIZATION(#2203,#2196);
#2207=PERSON_AND_ORGANIZATION(#2203,#2197);
#2208=PERSON_AND_ORGANIZATION(#2203,#2198);
#2209=PERSON_AND_ORGANIZATION(#2202,#2199);
#2210=PERSON_AND_ORGANIZATION(#2203,#2200);
#2211=APPLIED_PERSON_AND_ORGANIZATION_ASSIGNMENT(#2204,#2189,(#2220));
#2212=APPLIED_PERSON_AND_ORGANIZATION_ASSIGNMENT(#2205,#2190,(#2188));
#2213=APPLIED_PERSON_AND_ORGANIZATION_ASSIGNMENT(#2205,#2191,(#2188));
#2214=APPLIED_PERSON_AND_ORGANIZATION_ASSIGNMENT(#2208,#2192,(#2152));
#2215=APPLIED_PERSON_AND_ORGANIZATION_ASSIGNMENT(#2209,#2193,(#2146));
#2216=PRODUCT_RELATED_PRODUCT_CATEGORY('detail','detail',(#2220));
#2217=APPLICATION_PROTOCOL_DEFINITION('International Standard',
'config_control_design',1994,#2218);
#2218=APPLICATION_CONTEXT(
'configuration controlled 3d designs of mechanical parts and assemblie
s');
#2219=PRODUCT_CONTEXT('3D Mechanical Parts',#2218,'mechanical');
#2220=PRODUCT('Document','Document','',(#2219));
#2221=(
LENGTH_UNIT()
NAMED_UNIT(*)
SI_UNIT(.MILLI.,.METRE.)
);
#2222=(
NAMED_UNIT(*)
PLANE_ANGLE_UNIT()
SI_UNIT($,.RADIAN.)
);
#2223=DIMENSIONAL_EXPONENTS(0.,0.,0.,0.,0.,0.,0.);
#2224=PLANE_ANGLE_MEASURE_WITH_UNIT(PLANE_ANGLE_MEASURE(0.01745329252),
#2222);
#2225=(
CONVERSION_BASED_UNIT('DEGREES',#2224)
NAMED_UNIT(#2223)
PLANE_ANGLE_UNIT()
);
#2226=(
NAMED_UNIT(*)
SI_UNIT($,.STERADIAN.)
SOLID_ANGLE_UNIT()
);
#2227=UNCERTAINTY_MEASURE_WITH_UNIT(LENGTH_MEASURE(0.01),#2221,
'DISTANCE_ACCURACY_VALUE',
'Maximum model space distance between geometric entities at asserted c
onnectivities');
#2228=(
GEOMETRIC_REPRESENTATION_CONTEXT(3)
GLOBAL_UNCERTAINTY_ASSIGNED_CONTEXT((#2227))
GLOBAL_UNIT_ASSIGNED_CONTEXT((#2226,#2225,#2221))
REPRESENTATION_CONTEXT('ID1','3D')
);
#2229=SHAPE_REPRESENTATION('Document',(#2230,#2494),#2228);
#2230=AXIS2_PLACEMENT_3D($,#2896,#2495,#2496);
#2231=AXIS2_PLACEMENT_3D('',#2897,#2497,$);
#2232=AXIS2_PLACEMENT_3D('',#2898,#2498,$);
#2233=AXIS2_PLACEMENT_3D('',#2899,#2499,$);
#2234=AXIS2_PLACEMENT_3D('',#2900,#2500,$);
#2235=AXIS2_PLACEMENT_3D('',#2901,#2501,$);
#2236=AXIS2_PLACEMENT_3D('',#2902,#2502,$);
#2237=AXIS2_PLACEMENT_3D('',#2903,#2503,$);
#2238=AXIS2_PLACEMENT_3D('',#2904,#2504,$);
#2239=AXIS2_PLACEMENT_3D('',#2905,#2505,$);
#2240=AXIS2_PLACEMENT_3D('',#2906,#2506,$);
#2241=AXIS2_PLACEMENT_3D('',#2907,#2507,$);
#2242=AXIS2_PLACEMENT_3D('',#2908,#2508,$);
#2243=AXIS2_PLACEMENT_3D('',#2909,#2509,$);
#2244=AXIS2_PLACEMENT_3D('',#2910,#2510,$);
#2245=AXIS2_PLACEMENT_3D('',#2911,#2511,$);
#2246=AXIS2_PLACEMENT_3D('',#2912,#2512,$);
#2247=AXIS2_PLACEMENT_3D($,#2937,#2513,#2514);
#2248=AXIS2_PLACEMENT_3D($,#2942,#2515,#2516);
#2249=AXIS2_PLACEMENT_3D($,#2977,#2517,#2518);
#2250=AXIS2_PLACEMENT_3D($,#2982,#2519,#2520);
#2251=AXIS2_PLACEMENT_3D($,#2993,#2521,#2522);
#2252=AXIS2_PLACEMENT_3D($,#2998,#2523,#2524);
#2253=AXIS2_PLACEMENT_3D($,#3001,#2525,#2526);
#2254=AXIS2_PLACEMENT_3D($,#3006,#2527,#2528);
#2255=AXIS2_PLACEMENT_3D($,#3011,#2529,#2530);
#2256=AXIS2_PLACEMENT_3D($,#3014,#2531,#2532);
#2257=AXIS2_PLACEMENT_3D($,#3019,#2533,#2534);
#2258=AXIS2_PLACEMENT_3D($,#3022,#2535,#2536);
#2259=AXIS2_PLACEMENT_3D('',#3025,#2537,$);
#2260=AXIS2_PLACEMENT_3D('',#3026,#2538,$);
#2261=AXIS2_PLACEMENT_3D('',#3027,#2539,$);
#2262=AXIS2_PLACEMENT_3D('',#3028,#2540,$);
#2263=AXIS2_PLACEMENT_3D('',#3029,#2541,$);
#2264=AXIS2_PLACEMENT_3D('',#3030,#2542,$);
#2265=AXIS2_PLACEMENT_3D('',#3031,#2543,$);
#2266=AXIS2_PLACEMENT_3D('',#3032,#2544,$);
#2267=AXIS2_PLACEMENT_3D('',#3033,#2545,$);
#2268=AXIS2_PLACEMENT_3D('',#3034,#2546,$);
#2269=AXIS2_PLACEMENT_3D('',#3035,#2547,$);
#2270=AXIS2_PLACEMENT_3D('',#3036,#2548,$);
#2271=AXIS2_PLACEMENT_3D('',#3037,#2549,$);
#2272=AXIS2_PLACEMENT_3D('',#3038,#2550,$);
#2273=AXIS2_PLACEMENT_3D('',#3039,#2551,$);
#2274=AXIS2_PLACEMENT_3D('',#3040,#2552,$);
#2275=AXIS2_PLACEMENT_3D('',#3041,#2553,$);
#2276=AXIS2_PLACEMENT_3D('',#3042,#2554,$);
#2277=AXIS2_PLACEMENT_3D('',#3043,#2555,$);
#2278=AXIS2_PLACEMENT_3D('',#3044,#2556,$);
#2279=AXIS2_PLACEMENT_3D('',#3045,#2557,$);
#2280=AXIS2_PLACEMENT_3D('',#3046,#2558,$);
#2281=AXIS2_PLACEMENT_3D('',#3047,#2559,$);
#2282=AXIS2_PLACEMENT_3D('',#3048,#2560,$);
#2283=AXIS2_PLACEMENT_3D('',#3049,#2561,$);
#2284=AXIS2_PLACEMENT_3D('',#3050,#2562,$);
#2285=AXIS2_PLACEMENT_3D('',#3051,#2563,$);
#2286=AXIS2_PLACEMENT_3D('',#3052,#2564,$);
#2287=AXIS2_PLACEMENT_3D('',#3053,#2565,$);
#2288=AXIS2_PLACEMENT_3D('',#3054,#2566,$);
#2289=AXIS2_PLACEMENT_3D('',#3055,#2567,$);
#2290=AXIS2_PLACEMENT_3D('',#3056,#2568,$);
#2291=AXIS2_PLACEMENT_3D('',#3057,#2569,$);
#2292=AXIS2_PLACEMENT_3D('',#3058,#2570,$);
#2293=AXIS2_PLACEMENT_3D('',#3059,#2571,$);
#2294=AXIS2_PLACEMENT_3D('',#3060,#2572,$);
#2295=AXIS2_PLACEMENT_3D('',#3061,#2573,$);
#2296=AXIS2_PLACEMENT_3D('',#3062,#2574,$);
#2297=AXIS2_PLACEMENT_3D('',#3063,#2575,$);
#2298=AXIS2_PLACEMENT_3D($,#3144,#2576,#2577);
#2299=AXIS2_PLACEMENT_3D($,#3147,#2578,#2579);
#2300=AXIS2_PLACEMENT_3D($,#3150,#2580,#2581);
#2301=AXIS2_PLACEMENT_3D($,#3155,#2582,#2583);
#2302=AXIS2_PLACEMENT_3D($,#3158,#2584,#2585);
#2303=AXIS2_PLACEMENT_3D($,#3163,#2586,#2587);
#2304=AXIS2_PLACEMENT_3D($,#3166,#2588,#2589);
#2305=AXIS2_PLACEMENT_3D($,#3171,#2590,#2591);
#2306=AXIS2_PLACEMENT_3D($,#3174,#2592,#2593);
#2307=AXIS2_PLACEMENT_3D($,#3179,#2594,#2595);
#2308=AXIS2_PLACEMENT_3D($,#3182,#2596,#2597);
#2309=AXIS2_PLACEMENT_3D($,#3187,#2598,#2599);
#2310=AXIS2_PLACEMENT_3D($,#3190,#2600,#2601);
#2311=AXIS2_PLACEMENT_3D($,#3195,#2602,#2603);
#2312=AXIS2_PLACEMENT_3D($,#3198,#2604,#2605);
#2313=AXIS2_PLACEMENT_3D($,#3203,#2606,#2607);
#2314=AXIS2_PLACEMENT_3D($,#3206,#2608,#2609);
#2315=AXIS2_PLACEMENT_3D($,#3211,#2610,#2611);
#2316=AXIS2_PLACEMENT_3D($,#3214,#2612,#2613);
#2317=AXIS2_PLACEMENT_3D($,#3219,#2614,#2615);
#2318=AXIS2_PLACEMENT_3D($,#3226,#2616,#2617);
#2319=AXIS2_PLACEMENT_3D($,#3237,#2618,#2619);
#2320=AXIS2_PLACEMENT_3D($,#3242,#2620,#2621);
#2321=AXIS2_PLACEMENT_3D($,#3253,#2622,#2623);
#2322=AXIS2_PLACEMENT_3D($,#3276,#2624,#2625);
#2323=AXIS2_PLACEMENT_3D($,#3279,#2626,#2627);
#2324=AXIS2_PLACEMENT_3D($,#3284,#2628,#2629);
#2325=AXIS2_PLACEMENT_3D($,#3287,#2630,#2631);
#2326=AXIS2_PLACEMENT_3D($,#3292,#2632,#2633);
#2327=AXIS2_PLACEMENT_3D($,#3295,#2634,#2635);
#2328=AXIS2_PLACEMENT_3D($,#3300,#2636,#2637);
#2329=AXIS2_PLACEMENT_3D($,#3303,#2638,#2639);
#2330=AXIS2_PLACEMENT_3D($,#3308,#2640,#2641);
#2331=AXIS2_PLACEMENT_3D($,#3311,#2642,#2643);
#2332=AXIS2_PLACEMENT_3D($,#3316,#2644,#2645);
#2333=AXIS2_PLACEMENT_3D($,#3319,#2646,#2647);
#2334=AXIS2_PLACEMENT_3D($,#3324,#2648,#2649);
#2335=AXIS2_PLACEMENT_3D($,#3327,#2650,#2651);
#2336=AXIS2_PLACEMENT_3D($,#3332,#2652,#2653);
#2337=AXIS2_PLACEMENT_3D($,#3335,#2654,#2655);
#2338=AXIS2_PLACEMENT_3D($,#3340,#2656,#2657);
#2339=AXIS2_PLACEMENT_3D($,#3343,#2658,#2659);
#2340=AXIS2_PLACEMENT_3D('',#3346,#2660,$);
#2341=AXIS2_PLACEMENT_3D('',#3347,#2661,$);
#2342=AXIS2_PLACEMENT_3D('',#3348,#2662,$);
#2343=AXIS2_PLACEMENT_3D('',#3349,#2663,$);
#2344=AXIS2_PLACEMENT_3D('',#3350,#2664,$);
#2345=AXIS2_PLACEMENT_3D('',#3351,#2665,$);
#2346=AXIS2_PLACEMENT_3D($,#3360,#2666,#2667);
#2347=AXIS2_PLACEMENT_3D($,#3365,#2668,#2669);
#2348=AXIS2_PLACEMENT_3D($,#3368,#2670,#2671);
#2349=AXIS2_PLACEMENT_3D($,#3373,#2672,#2673);
#2350=AXIS2_PLACEMENT_3D($,#3378,#2674,#2675);
#2351=AXIS2_PLACEMENT_3D($,#3381,#2676,#2677);
#2352=AXIS2_PLACEMENT_3D($,#3386,#2678,#2679);
#2353=AXIS2_PLACEMENT_3D($,#3389,#2680,#2681);
#2354=AXIS2_PLACEMENT_3D('',#3392,#2682,$);
#2355=AXIS2_PLACEMENT_3D('',#3393,#2683,$);
#2356=AXIS2_PLACEMENT_3D('',#3394,#2684,$);
#2357=AXIS2_PLACEMENT_3D('',#3395,#2685,$);
#2358=AXIS2_PLACEMENT_3D('',#3396,#2686,$);
#2359=AXIS2_PLACEMENT_3D('',#3397,#2687,$);
#2360=AXIS2_PLACEMENT_3D($,#3406,#2688,#2689);
#2361=AXIS2_PLACEMENT_3D($,#3411,#2690,#2691);
#2362=AXIS2_PLACEMENT_3D($,#3414,#2692,#2693);
#2363=AXIS2_PLACEMENT_3D($,#3419,#2694,#2695);
#2364=AXIS2_PLACEMENT_3D($,#3424,#2696,#2697);
#2365=AXIS2_PLACEMENT_3D($,#3427,#2698,#2699);
#2366=AXIS2_PLACEMENT_3D($,#3432,#2700,#2701);
#2367=AXIS2_PLACEMENT_3D($,#3435,#2702,#2703);
#2368=AXIS2_PLACEMENT_3D('',#3438,#2704,$);
#2369=AXIS2_PLACEMENT_3D('',#3439,#2705,$);
#2370=AXIS2_PLACEMENT_3D('',#3440,#2706,$);
#2371=AXIS2_PLACEMENT_3D('',#3441,#2707,$);
#2372=AXIS2_PLACEMENT_3D('',#3442,#2708,$);
#2373=AXIS2_PLACEMENT_3D('',#3443,#2709,$);
#2374=AXIS2_PLACEMENT_3D('',#3444,#2710,$);
#2375=AXIS2_PLACEMENT_3D('',#3445,#2711,$);
#2376=AXIS2_PLACEMENT_3D('',#3446,#2712,$);
#2377=AXIS2_PLACEMENT_3D('',#3447,#2713,$);
#2378=AXIS2_PLACEMENT_3D('',#3448,#2714,$);
#2379=AXIS2_PLACEMENT_3D('',#3449,#2715,$);
#2380=AXIS2_PLACEMENT_3D('',#3450,#2716,$);
#2381=AXIS2_PLACEMENT_3D('',#3451,#2717,$);
#2382=AXIS2_PLACEMENT_3D('',#3452,#2718,$);
#2383=AXIS2_PLACEMENT_3D('',#3453,#2719,$);
#2384=AXIS2_PLACEMENT_3D('',#3454,#2720,$);
#2385=AXIS2_PLACEMENT_3D('',#3455,#2721,$);
#2386=AXIS2_PLACEMENT_3D('',#3456,#2722,$);
#2387=AXIS2_PLACEMENT_3D('',#3457,#2723,$);
#2388=AXIS2_PLACEMENT_3D('',#3458,#2724,$);
#2389=AXIS2_PLACEMENT_3D('',#3459,#2725,$);
#2390=AXIS2_PLACEMENT_3D('',#3460,#2726,$);
#2391=AXIS2_PLACEMENT_3D('',#3461,#2727,$);
#2392=AXIS2_PLACEMENT_3D('',#3462,#2728,$);
#2393=AXIS2_PLACEMENT_3D('',#3463,#2729,$);
#2394=AXIS2_PLACEMENT_3D('',#3464,#2730,$);
#2395=AXIS2_PLACEMENT_3D('',#3465,#2731,$);
#2396=AXIS2_PLACEMENT_3D('',#3466,#2732,$);
#2397=AXIS2_PLACEMENT_3D('',#3467,#2733,$);
#2398=AXIS2_PLACEMENT_3D('',#3468,#2734,$);
#2399=AXIS2_PLACEMENT_3D($,#3531,#2735,#2736);
#2400=AXIS2_PLACEMENT_3D($,#3536,#2737,#2738);
#2401=AXIS2_PLACEMENT_3D($,#3547,#2739,#2740);
#2402=AXIS2_PLACEMENT_3D($,#3550,#2741,#2742);
#2403=AXIS2_PLACEMENT_3D($,#3553,#2743,#2744);
#2404=AXIS2_PLACEMENT_3D($,#3558,#2745,#2746);
#2405=AXIS2_PLACEMENT_3D($,#3561,#2747,#2748);
#2406=AXIS2_PLACEMENT_3D($,#3564,#2749,#2750);
#2407=AXIS2_PLACEMENT_3D($,#3569,#2751,#2752);
#2408=AXIS2_PLACEMENT_3D($,#3574,#2753,#2754);
#2409=AXIS2_PLACEMENT_3D($,#3577,#2755,#2756);
#2410=AXIS2_PLACEMENT_3D($,#3582,#2757,#2758);
#2411=AXIS2_PLACEMENT_3D($,#3585,#2759,#2760);
#2412=AXIS2_PLACEMENT_3D($,#3590,#2761,#2762);
#2413=AXIS2_PLACEMENT_3D($,#3593,#2763,#2764);
#2414=AXIS2_PLACEMENT_3D($,#3598,#2765,#2766);
#2415=AXIS2_PLACEMENT_3D($,#3601,#2767,#2768);
#2416=AXIS2_PLACEMENT_3D($,#3606,#2769,#2770);
#2417=AXIS2_PLACEMENT_3D($,#3635,#2771,#2772);
#2418=AXIS2_PLACEMENT_3D($,#3640,#2773,#2774);
#2419=AXIS2_PLACEMENT_3D($,#3655,#2775,#2776);
#2420=AXIS2_PLACEMENT_3D($,#3658,#2777,#2778);
#2421=AXIS2_PLACEMENT_3D($,#3663,#2779,#2780);
#2422=AXIS2_PLACEMENT_3D($,#3666,#2781,#2782);
#2423=AXIS2_PLACEMENT_3D($,#3671,#2783,#2784);
#2424=AXIS2_PLACEMENT_3D($,#3674,#2785,#2786);
#2425=AXIS2_PLACEMENT_3D($,#3679,#2787,#2788);
#2426=AXIS2_PLACEMENT_3D($,#3682,#2789,#2790);
#2427=AXIS2_PLACEMENT_3D($,#3687,#2791,#2792);
#2428=AXIS2_PLACEMENT_3D($,#3690,#2793,#2794);
#2429=AXIS2_PLACEMENT_3D($,#3695,#2795,#2796);
#2430=AXIS2_PLACEMENT_3D($,#3698,#2797,#2798);
#2431=AXIS2_PLACEMENT_3D('',#3701,#2799,$);
#2432=AXIS2_PLACEMENT_3D('',#3702,#2800,$);
#2433=AXIS2_PLACEMENT_3D('',#3703,#2801,$);
#2434=AXIS2_PLACEMENT_3D('',#3704,#2802,$);
#2435=AXIS2_PLACEMENT_3D('',#3705,#2803,$);
#2436=AXIS2_PLACEMENT_3D('',#3706,#2804,$);
#2437=AXIS2_PLACEMENT_3D('',#3707,#2805,$);
#2438=AXIS2_PLACEMENT_3D('',#3708,#2806,$);
#2439=AXIS2_PLACEMENT_3D('',#3709,#2807,$);
#2440=AXIS2_PLACEMENT_3D('',#3710,#2808,$);
#2441=AXIS2_PLACEMENT_3D('',#3711,#2809,$);
#2442=AXIS2_PLACEMENT_3D('',#3712,#2810,$);
#2443=AXIS2_PLACEMENT_3D('',#3713,#2811,$);
#2444=AXIS2_PLACEMENT_3D('',#3714,#2812,$);
#2445=AXIS2_PLACEMENT_3D('',#3715,#2813,$);
#2446=AXIS2_PLACEMENT_3D('',#3716,#2814,$);
#2447=AXIS2_PLACEMENT_3D('',#3717,#2815,$);
#2448=AXIS2_PLACEMENT_3D('',#3718,#2816,$);
#2449=AXIS2_PLACEMENT_3D('',#3719,#2817,$);
#2450=AXIS2_PLACEMENT_3D('',#3720,#2818,$);
#2451=AXIS2_PLACEMENT_3D('',#3721,#2819,$);
#2452=AXIS2_PLACEMENT_3D('',#3722,#2820,$);
#2453=AXIS2_PLACEMENT_3D('',#3723,#2821,$);
#2454=AXIS2_PLACEMENT_3D('',#3724,#2822,$);
#2455=AXIS2_PLACEMENT_3D('',#3725,#2823,$);
#2456=AXIS2_PLACEMENT_3D('',#3726,#2824,$);
#2457=AXIS2_PLACEMENT_3D('',#3727,#2825,$);
#2458=AXIS2_PLACEMENT_3D('',#3728,#2826,$);
#2459=AXIS2_PLACEMENT_3D('',#3729,#2827,$);
#2460=AXIS2_PLACEMENT_3D('',#3730,#2828,$);
#2461=AXIS2_PLACEMENT_3D('',#3731,#2829,$);
#2462=AXIS2_PLACEMENT_3D($,#3794,#2830,#2831);
#2463=AXIS2_PLACEMENT_3D($,#3799,#2832,#2833);
#2464=AXIS2_PLACEMENT_3D($,#3810,#2834,#2835);
#2465=AXIS2_PLACEMENT_3D($,#3813,#2836,#2837);
#2466=AXIS2_PLACEMENT_3D($,#3816,#2838,#2839);
#2467=AXIS2_PLACEMENT_3D($,#3821,#2840,#2841);
#2468=AXIS2_PLACEMENT_3D($,#3824,#2842,#2843);
#2469=AXIS2_PLACEMENT_3D($,#3827,#2844,#2845);
#2470=AXIS2_PLACEMENT_3D($,#3832,#2846,#2847);
#2471=AXIS2_PLACEMENT_3D($,#3837,#2848,#2849);
#2472=AXIS2_PLACEMENT_3D($,#3840,#2850,#2851);
#2473=AXIS2_PLACEMENT_3D($,#3845,#2852,#2853);
#2474=AXIS2_PLACEMENT_3D($,#3848,#2854,#2855);
#2475=AXIS2_PLACEMENT_3D($,#3853,#2856,#2857);
#2476=AXIS2_PLACEMENT_3D($,#3856,#2858,#2859);
#2477=AXIS2_PLACEMENT_3D($,#3861,#2860,#2861);
#2478=AXIS2_PLACEMENT_3D($,#3864,#2862,#2863);
#2479=AXIS2_PLACEMENT_3D($,#3869,#2864,#2865);
#2480=AXIS2_PLACEMENT_3D($,#3898,#2866,#2867);
#2481=AXIS2_PLACEMENT_3D($,#3903,#2868,#2869);
#2482=AXIS2_PLACEMENT_3D($,#3918,#2870,#2871);
#2483=AXIS2_PLACEMENT_3D($,#3921,#2872,#2873);
#2484=AXIS2_PLACEMENT_3D($,#3926,#2874,#2875);
#2485=AXIS2_PLACEMENT_3D($,#3929,#2876,#2877);
#2486=AXIS2_PLACEMENT_3D($,#3934,#2878,#2879);
#2487=AXIS2_PLACEMENT_3D($,#3937,#2880,#2881);
#2488=AXIS2_PLACEMENT_3D($,#3942,#2882,#2883);
#2489=AXIS2_PLACEMENT_3D($,#3945,#2884,#2885);
#2490=AXIS2_PLACEMENT_3D($,#3950,#2886,#2887);
#2491=AXIS2_PLACEMENT_3D($,#3953,#2888,#2889);
#2492=AXIS2_PLACEMENT_3D($,#3958,#2890,#2891);
#2493=AXIS2_PLACEMENT_3D($,#3961,#2892,#2893);
#2494=AXIS2_PLACEMENT_3D($,#3964,#2894,#2895);
#2495=DIRECTION('',(0.,0.,1.));
#2496=DIRECTION('',(1.,0.,0.));
#2497=DIRECTION('',(0.,0.,1.));
#2498=DIRECTION('',(-0.602716925743634,0.797955078574065,-9.70119096820407E-16));
#2499=DIRECTION('',(0.,1.,0.));
#2500=DIRECTION('',(-1.,0.,0.));
#2501=DIRECTION('',(0.,-1.,0.));
#2502=DIRECTION('',(-0.602716925743559,-0.797955078574122,4.51853383896675E-16));
#2503=DIRECTION('',(0.,0.,1.));
#2504=DIRECTION('',(1.,0.,0.));
#2505=DIRECTION('',(0.,0.,-1.));
#2506=DIRECTION('',(0.,0.,1.));
#2507=DIRECTION('',(-1.,0.,0.));
#2508=DIRECTION('',(1.,0.,0.));
#2509=DIRECTION('',(-1.,0.,0.));
#2510=DIRECTION('',(1.,0.,0.));
#2511=DIRECTION('',(-1.,-1.70929091979996E-13,6.22131016508704E-14));
#2512=DIRECTION('',(-1.,0.,0.));
#2513=DIRECTION('',(0.,0.,1.));
#2514=DIRECTION('',(1.,0.,0.));
#2515=DIRECTION('',(0.,0.,1.));
#2516=DIRECTION('',(1.,0.,0.));
#2517=DIRECTION('',(0.,0.,1.));
#2518=DIRECTION('',(-0.60271692574355,-0.797955078574129,0.));
#2519=DIRECTION('',(0.,0.,1.));
#2520=DIRECTION('',(-0.60271692574355,-0.797955078574129,0.));
#2521=DIRECTION('',(-1.,0.,0.));
#2522=DIRECTION('',(0.,-0.342020143325742,-0.939692620785882));
#2523=DIRECTION('',(-1.,0.,0.));
#2524=DIRECTION('',(0.,-0.342020143325674,-0.939692620785907));
#2525=DIRECTION('',(-1.,0.,0.));
#2526=DIRECTION('',(0.,-0.342020143325689,-0.939692620785901));
#2527=DIRECTION('',(-1.,0.,0.));
#2528=DIRECTION('',(0.,-0.342020143325517,-0.939692620785964));
#2529=DIRECTION('',(-1.,0.,0.));
#2530=DIRECTION('',(0.,0.342020143325773,0.93969262078587));
#2531=DIRECTION('',(-1.,-1.70929091979996E-13,6.22131016508704E-14));
#2532=DIRECTION('',(0.,0.342020143325842,0.939692620785845));
#2533=DIRECTION('',(-1.,0.,0.));
#2534=DIRECTION('',(0.,0.342020143325597,0.939692620785935));
#2535=DIRECTION('',(-1.,0.,0.));
#2536=DIRECTION('',(0.,0.342020143325677,0.939692620785906));
#2537=DIRECTION('',(0.,-1.,0.));
#2538=DIRECTION('',(-1.,0.,0.));
#2539=DIRECTION('',(0.,1.,0.));
#2540=DIRECTION('',(0.,0.,-1.));
#2541=DIRECTION('',(0.,0.,1.));
#2542=DIRECTION('',(0.602716925743607,-0.797955078574086,5.01998120768697E-16));
#2543=DIRECTION('',(0.,-1.,0.));
#2544=DIRECTION('',(0.,1.,0.));
#2545=DIRECTION('',(0.602716925743606,0.797955078574087,-1.23947277324373E-15));
#2546=DIRECTION('',(-2.85656592850385E-15,5.73749912250376E-15,1.));
#2547=DIRECTION('',(-1.,0.,0.));
#2548=DIRECTION('',(0.,0.,1.));
#2549=DIRECTION('',(0.,0.,1.));
#2550=DIRECTION('',(0.,0.,1.));
#2551=DIRECTION('',(0.,0.,1.));
#2552=DIRECTION('',(0.,0.,1.));
#2553=DIRECTION('',(0.,0.,1.));
#2554=DIRECTION('',(0.,0.,1.));
#2555=DIRECTION('',(0.,0.,1.));
#2556=DIRECTION('',(0.,0.,-1.));
#2557=DIRECTION('',(0.,0.,-1.));
#2558=DIRECTION('',(0.,0.,-1.));
#2559=DIRECTION('',(0.,0.,-1.));
#2560=DIRECTION('',(0.,0.,-1.));
#2561=DIRECTION('',(0.,0.,-1.));
#2562=DIRECTION('',(0.,0.,-1.));
#2563=DIRECTION('',(0.,0.,-1.));
#2564=DIRECTION('',(0.,0.,1.));
#2565=DIRECTION('',(0.,0.,1.));
#2566=DIRECTION('',(0.,0.,1.));
#2567=DIRECTION('',(0.,0.,-1.));
#2568=DIRECTION('',(0.,0.,-1.));
#2569=DIRECTION('',(0.,0.,-1.));
#2570=DIRECTION('',(0.,0.,-1.));
#2571=DIRECTION('',(0.,0.,1.));
#2572=DIRECTION('',(0.,0.,1.));
#2573=DIRECTION('',(0.,0.,1.));
#2574=DIRECTION('',(0.,0.,1.));
#2575=DIRECTION('',(0.,0.,-1.));
#2576=DIRECTION('',(0.,0.,-1.));
#2577=DIRECTION('',(-0.957089372775674,0.289792913163636,0.));
#2578=DIRECTION('',(0.,0.,-1.));
#2579=DIRECTION('',(-0.957089372775674,0.289792913163636,0.));
#2580=DIRECTION('',(0.,0.,1.));
#2581=DIRECTION('',(1.,0.,0.));
#2582=DIRECTION('',(0.,0.,1.));
#2583=DIRECTION('',(1.,0.,0.));
#2584=DIRECTION('',(0.,0.,1.));
#2585=DIRECTION('',(0.,-1.,0.));
#2586=DIRECTION('',(0.,0.,1.));
#2587=DIRECTION('',(0.,-1.,0.));
#2588=DIRECTION('',(0.,0.,1.));
#2589=DIRECTION('',(-1.,-7.57912251477325E-14,0.));
#2590=DIRECTION('',(0.,0.,1.));
#2591=DIRECTION('',(-1.,-7.57912251477325E-14,0.));
#2592=DIRECTION('',(0.,0.,1.));
#2593=DIRECTION('',(-1.51582450295477E-13,1.,0.));
#2594=DIRECTION('',(0.,0.,1.));
#2595=DIRECTION('',(-1.51582450295477E-13,1.,0.));
#2596=DIRECTION('',(0.,0.,-1.));
#2597=DIRECTION('',(0.,-1.,0.));
#2598=DIRECTION('',(0.,0.,-1.));
#2599=DIRECTION('',(0.,-1.,0.));
#2600=DIRECTION('',(0.,0.,-1.));
#2601=DIRECTION('',(-1.,0.,0.));
#2602=DIRECTION('',(0.,0.,-1.));
#2603=DIRECTION('',(-1.,0.,0.));
#2604=DIRECTION('',(0.,0.,-1.));
#2605=DIRECTION('',(-1.515824502955E-13,1.,0.));
#2606=DIRECTION('',(0.,0.,-1.));
#2607=DIRECTION('',(-1.515824502955E-13,1.,0.));
#2608=DIRECTION('',(0.,0.,-1.));
#2609=DIRECTION('',(1.,0.,0.));
#2610=DIRECTION('',(0.,0.,-1.));
#2611=DIRECTION('',(1.,0.,0.));
#2612=DIRECTION('',(0.,0.,1.));
#2613=DIRECTION('',(1.,7.5791225147744E-14,0.));
#2614=DIRECTION('',(0.,0.,1.));
#2615=DIRECTION('',(1.,7.5791225147744E-14,0.));
#2616=DIRECTION('',(5.71313185700795E-15,1.14749982450048E-14,1.));
#2617=DIRECTION('',(1.,-1.13686837721642E-13,-3.55271367880131E-15));
#2618=DIRECTION('',(2.85656592850443E-15,-5.73749912250413E-15,1.));
#2619=DIRECTION('',(-0.602716925743241,-0.797955078574362,-3.55271367879968E-15));
#2620=DIRECTION('',(2.85656592850391E-15,5.73749912250307E-15,1.));
#2621=DIRECTION('',(1.,2.27373675443232E-13,-1.77635683940025E-15));
#2622=DIRECTION('',(1.42828296425219E-15,-2.86874956125241E-15,1.));
#2623=DIRECTION('',(-0.602716925743186,-0.797955078574404,-1.77635683939968E-15));
#2624=DIRECTION('',(0.,9.47390314346803E-17,1.));
#2625=DIRECTION('',(-1.,3.03164900590974E-15,0.));
#2626=DIRECTION('',(0.,4.73695157173402E-17,1.));
#2627=DIRECTION('',(-1.,3.03164900590974E-15,0.));
#2628=DIRECTION('',(0.,0.,1.));
#2629=DIRECTION('',(0.,1.,0.));
#2630=DIRECTION('',(0.,0.,1.));
#2631=DIRECTION('',(0.,1.,0.));
#2632=DIRECTION('',(0.,0.,1.));
#2633=DIRECTION('',(1.,0.,0.));
#2634=DIRECTION('',(0.,0.,1.));
#2635=DIRECTION('',(1.,0.,0.));
#2636=DIRECTION('',(0.,0.,1.));
#2637=DIRECTION('',(0.,-1.,0.));
#2638=DIRECTION('',(0.,0.,1.));
#2639=DIRECTION('',(0.,-1.,0.));
#2640=DIRECTION('',(0.,0.,-1.));
#2641=DIRECTION('',(0.,1.,0.));
#2642=DIRECTION('',(0.,0.,-1.));
#2643=DIRECTION('',(0.,1.,0.));
#2644=DIRECTION('',(0.,0.,-1.));
#2645=DIRECTION('',(1.,-7.5791225147744E-14,0.));
#2646=DIRECTION('',(0.,0.,-1.));
#2647=DIRECTION('',(1.,-7.5791225147744E-14,0.));
#2648=DIRECTION('',(0.,0.,-1.));
#2649=DIRECTION('',(-1.51582450295477E-13,-1.,0.));
#2650=DIRECTION('',(0.,0.,-1.));
#2651=DIRECTION('',(-1.51582450295477E-13,-1.,0.));
#2652=DIRECTION('',(0.,0.,-1.));
#2653=DIRECTION('',(-1.,-7.5791225147744E-14,0.));
#2654=DIRECTION('',(0.,0.,-1.));
#2655=DIRECTION('',(-1.,-7.5791225147744E-14,0.));
#2656=DIRECTION('',(0.,0.,1.));
#2657=DIRECTION('',(-1.,7.5791225147744E-14,0.));
#2658=DIRECTION('',(0.,0.,1.));
#2659=DIRECTION('',(-1.,7.5791225147744E-14,0.));
#2660=DIRECTION('',(0.,0.,1.));
#2661=DIRECTION('',(0.,0.,-1.));
#2662=DIRECTION('',(0.,0.,1.));
#2663=DIRECTION('',(0.,0.,1.));
#2664=DIRECTION('',(0.,-1.11022302462516E-18,1.));
#2665=DIRECTION('',(0.,-1.72461829067982E-16,1.));
#2666=DIRECTION('',(0.,0.,1.));
#2667=DIRECTION('',(1.,0.,0.));
#2668=DIRECTION('',(0.,0.,1.));
#2669=DIRECTION('',(1.,0.,0.));
#2670=DIRECTION('',(0.,0.,1.));
#2671=DIRECTION('',(1.,4.41502282414035E-14,0.));
#2672=DIRECTION('',(0.,4.31154572669956E-17,-1.));
#2673=DIRECTION('',(1.,-4.41502282414035E-14,0.));
#2674=DIRECTION('',(0.,0.,1.));
#2675=DIRECTION('',(-1.,0.,0.));
#2676=DIRECTION('',(0.,-2.22044604925031E-18,1.));
#2677=DIRECTION('',(-1.,0.,0.));
#2678=DIRECTION('',(0.,0.,1.));
#2679=DIRECTION('',(-1.,-8.8300456482807E-14,0.));
#2680=DIRECTION('',(0.,0.,-1.));
#2681=DIRECTION('',(-1.,4.41502282414035E-14,0.));
#2682=DIRECTION('',(0.,0.,1.));
#2683=DIRECTION('',(0.,0.,-1.));
#2684=DIRECTION('',(0.,0.,1.));
#2685=DIRECTION('',(0.,0.,1.));
#2686=DIRECTION('',(0.,-1.11022302462516E-18,1.));
#2687=DIRECTION('',(0.,-1.72461829067982E-16,1.));
#2688=DIRECTION('',(0.,0.,1.));
#2689=DIRECTION('',(1.,0.,0.));
#2690=DIRECTION('',(0.,0.,1.));
#2691=DIRECTION('',(1.,0.,0.));
#2692=DIRECTION('',(0.,0.,1.));
#2693=DIRECTION('',(1.,0.,0.));
#2694=DIRECTION('',(0.,4.31154572669956E-17,-1.));
#2695=DIRECTION('',(1.,0.,0.));
#2696=DIRECTION('',(0.,0.,1.));
#2697=DIRECTION('',(-1.,0.,0.));
#2698=DIRECTION('',(0.,-2.22044604925031E-18,1.));
#2699=DIRECTION('',(-1.,0.,2.22044604925031E-18));
#2700=DIRECTION('',(0.,0.,1.));
#2701=DIRECTION('',(-1.,0.,0.));
#2702=DIRECTION('',(0.,0.,-1.));
#2703=DIRECTION('',(-1.,0.,0.));
#2704=DIRECTION('',(-1.,0.,0.));
#2705=DIRECTION('',(0.,-1.,0.));
#2706=DIRECTION('',(0.,1.,0.));
#2707=DIRECTION('',(0.,0.,1.));
#2708=DIRECTION('',(0.,0.,-1.));
#2709=DIRECTION('',(0.,0.,1.));
#2710=DIRECTION('',(-3.57070741062916E-16,-7.17187390312839E-16,1.));
#2711=DIRECTION('',(0.602716925743634,-0.797955078574065,-5.33757382351195E-16));
#2712=DIRECTION('',(0.,-1.,0.));
#2713=DIRECTION('',(0.,1.,0.));
#2714=DIRECTION('',(0.602716925743615,0.79795507857408,3.69830133163969E-15));
#2715=DIRECTION('',(0.,0.,1.));
#2716=DIRECTION('',(-1.,0.,0.));
#2717=DIRECTION('',(0.,0.,1.));
#2718=DIRECTION('',(0.,0.,1.));
#2719=DIRECTION('',(0.,0.,1.));
#2720=DIRECTION('',(0.,0.,1.));
#2721=DIRECTION('',(0.,0.,1.));
#2722=DIRECTION('',(0.,0.,1.));
#2723=DIRECTION('',(0.,0.,1.));
#2724=DIRECTION('',(0.,0.,1.));
#2725=DIRECTION('',(0.,0.,1.));
#2726=DIRECTION('',(0.,0.,1.));
#2727=DIRECTION('',(0.,0.,1.));
#2728=DIRECTION('',(0.,0.,1.));
#2729=DIRECTION('',(0.,0.,1.));
#2730=DIRECTION('',(0.,0.,-1.));
#2731=DIRECTION('',(0.,0.,-1.));
#2732=DIRECTION('',(0.,0.,-1.));
#2733=DIRECTION('',(0.,0.,-1.));
#2734=DIRECTION('',(0.,0.,-1.));
#2735=DIRECTION('',(0.,0.,1.));
#2736=DIRECTION('',(1.,0.,0.));
#2737=DIRECTION('',(0.,0.,1.));
#2738=DIRECTION('',(1.,0.,0.));
#2739=DIRECTION('',(0.,0.,1.));
#2740=DIRECTION('',(-0.957089372775676,-0.28979291316363,0.));
#2741=DIRECTION('',(1.6628148976029E-17,-1.12296651062484E-16,1.));
#2742=DIRECTION('',(-0.957089372775676,-0.28979291316363,0.));
#2743=DIRECTION('',(0.,0.,1.));
#2744=DIRECTION('',(1.,0.,0.));
#2745=DIRECTION('',(0.,0.,-1.));
#2746=DIRECTION('',(1.,0.,0.));
#2747=DIRECTION('',(0.,0.,-1.));
#2748=DIRECTION('',(1.,0.,0.));
#2749=DIRECTION('',(0.,0.,-1.));
#2750=DIRECTION('',(1.,0.,0.));
#2751=DIRECTION('',(0.,0.,1.));
#2752=DIRECTION('',(-1.,0.,0.));
#2753=DIRECTION('',(0.,0.,1.));
#2754=DIRECTION('',(-1.,0.,0.));
#2755=DIRECTION('',(0.,0.,1.));
#2756=DIRECTION('',(0.,-1.,0.));
#2757=DIRECTION('',(0.,0.,1.));
#2758=DIRECTION('',(0.,-1.,0.));
#2759=DIRECTION('',(0.,0.,1.));
#2760=DIRECTION('',(1.,7.57912251477383E-14,0.));
#2761=DIRECTION('',(0.,0.,1.));
#2762=DIRECTION('',(1.,7.57912251477383E-14,0.));
#2763=DIRECTION('',(0.,0.,1.));
#2764=DIRECTION('',(7.57912251477498E-14,1.,0.));
#2765=DIRECTION('',(0.,0.,1.));
#2766=DIRECTION('',(7.57912251477498E-14,1.,0.));
#2767=DIRECTION('',(0.,0.,1.));
#2768=DIRECTION('',(1.,0.,0.));
#2769=DIRECTION('',(-7.14141482125831E-16,-1.43437478062568E-15,1.));
#2770=DIRECTION('',(1.,0.,8.88178419700125E-16));
#2771=DIRECTION('',(0.,0.,1.));
#2772=DIRECTION('',(-0.602716925743604,-0.797955078574088,0.));
#2773=DIRECTION('',(0.,0.,1.));
#2774=DIRECTION('',(-0.602716925743604,-0.797955078574088,0.));
#2775=DIRECTION('',(0.,0.,1.));
#2776=DIRECTION('',(-1.,0.,0.));
#2777=DIRECTION('',(0.,0.,-1.));
#2778=DIRECTION('',(-1.,-2.25122450933894E-15,0.));
#2779=DIRECTION('',(0.,0.,-1.));
#2780=DIRECTION('',(-1.,3.03164900590975E-15,0.));
#2781=DIRECTION('',(0.,0.,-1.));
#2782=DIRECTION('',(-1.,3.03164900590975E-15,0.));
#2783=DIRECTION('',(0.,0.,1.));
#2784=DIRECTION('',(1.,7.5791225147744E-14,0.));
#2785=DIRECTION('',(0.,0.,1.));
#2786=DIRECTION('',(1.,7.5791225147744E-14,0.));
#2787=DIRECTION('',(0.,0.,1.));
#2788=DIRECTION('',(0.,1.,0.));
#2789=DIRECTION('',(0.,0.,1.));
#2790=DIRECTION('',(0.,1.,0.));
#2791=DIRECTION('',(0.,0.,1.));
#2792=DIRECTION('',(-1.,-7.57912251477383E-14,0.));
#2793=DIRECTION('',(0.,0.,1.));
#2794=DIRECTION('',(-1.,-7.57912251477383E-14,0.));
#2795=DIRECTION('',(0.,0.,1.));
#2796=DIRECTION('',(7.57912251477325E-14,-1.,0.));
#2797=DIRECTION('',(0.,0.,1.));
#2798=DIRECTION('',(7.57912251477325E-14,-1.,0.));
#2799=DIRECTION('',(-1.,0.,0.));
#2800=DIRECTION('',(0.,1.,0.));
#2801=DIRECTION('',(0.,-1.,0.));
#2802=DIRECTION('',(0.,0.,-1.));
#2803=DIRECTION('',(0.,0.,1.));
#2804=DIRECTION('',(0.,0.,-1.));
#2805=DIRECTION('',(0.,0.,-1.));
#2806=DIRECTION('',(0.602716925743611,0.797955078574083,-3.65411643272551E-15));
#2807=DIRECTION('',(0.,1.,0.));
#2808=DIRECTION('',(0.,-1.,0.));
#2809=DIRECTION('',(0.602716925743627,-0.79795507857407,-9.90550117519436E-16));
#2810=DIRECTION('',(-7.14141482125708E-16,-1.43437478062533E-15,-1.));
#2811=DIRECTION('',(-1.,0.,0.));
#2812=DIRECTION('',(0.,0.,-1.));
#2813=DIRECTION('',(0.,0.,-1.));
#2814=DIRECTION('',(0.,0.,-1.));
#2815=DIRECTION('',(0.,0.,-1.));
#2816=DIRECTION('',(0.,0.,-1.));
#2817=DIRECTION('',(0.,0.,-1.));
#2818=DIRECTION('',(0.,0.,-1.));
#2819=DIRECTION('',(0.,0.,-1.));
#2820=DIRECTION('',(0.,0.,-1.));
#2821=DIRECTION('',(0.,0.,-1.));
#2822=DIRECTION('',(0.,0.,-1.));
#2823=DIRECTION('',(0.,0.,-1.));
#2824=DIRECTION('',(0.,0.,-1.));
#2825=DIRECTION('',(0.,0.,1.));
#2826=DIRECTION('',(0.,0.,1.));
#2827=DIRECTION('',(0.,0.,1.));
#2828=DIRECTION('',(0.,0.,1.));
#2829=DIRECTION('',(0.,0.,1.));
#2830=DIRECTION('',(-1.89300975730752E-17,1.63927255984525E-17,-1.));
#2831=DIRECTION('',(1.,0.,-3.22973970800046E-17));
#2832=DIRECTION('',(-1.02378362414695E-18,7.23748605735205E-19,-1.));
#2833=DIRECTION('',(1.,0.,-1.02378369737283E-18));
#2834=DIRECTION('',(-5.54271632534309E-18,-3.74322170208285E-17,-1.));
#2835=DIRECTION('',(-0.957089372775674,0.289792913163637,0.));
#2836=DIRECTION('',(4.50918423165649E-18,3.20358703321525E-17,-1.));
#2837=DIRECTION('',(-0.957089372775674,0.289792913163637,4.96807635701976E-18));
#2838=DIRECTION('',(0.,0.,-1.));
#2839=DIRECTION('',(1.,0.,0.));
#2840=DIRECTION('',(0.,0.,1.));
#2841=DIRECTION('',(1.,0.,0.));
#2842=DIRECTION('',(0.,0.,1.));
#2843=DIRECTION('',(1.,0.,0.));
#2844=DIRECTION('',(0.,0.,1.));
#2845=DIRECTION('',(1.,0.,0.));
#2846=DIRECTION('',(0.,0.,-1.));
#2847=DIRECTION('',(-1.,7.5791225147744E-14,0.));
#2848=DIRECTION('',(0.,0.,-1.));
#2849=DIRECTION('',(-1.,7.5791225147744E-14,0.));
#2850=DIRECTION('',(0.,0.,-1.));
#2851=DIRECTION('',(0.,1.,0.));
#2852=DIRECTION('',(0.,0.,-1.));
#2853=DIRECTION('',(0.,1.,0.));
#2854=DIRECTION('',(0.,0.,-1.));
#2855=DIRECTION('',(1.,0.,0.));
#2856=DIRECTION('',(0.,0.,-1.));
#2857=DIRECTION('',(1.,0.,0.));
#2858=DIRECTION('',(0.,0.,-1.));
#2859=DIRECTION('',(-7.5791225147744E-14,-1.,0.));
#2860=DIRECTION('',(0.,0.,-1.));
#2861=DIRECTION('',(-7.5791225147744E-14,-1.,0.));
#2862=DIRECTION('',(-1.42828296425153E-15,2.86874956125109E-15,-1.));
#2863=DIRECTION('',(1.,0.,-1.77635683940025E-15));
#2864=DIRECTION('',(0.,0.,-1.));
#2865=DIRECTION('',(1.,0.,0.));
#2866=DIRECTION('',(0.,0.,-1.));
#2867=DIRECTION('',(-0.602716925743841,0.797955078573909,0.));
#2868=DIRECTION('',(8.92676852657145E-17,1.79296847578155E-16,-1.));
#2869=DIRECTION('',(-0.602716925743841,0.797955078573909,1.11022302462538E-16));
#2870=DIRECTION('',(0.,0.,-1.));
#2871=DIRECTION('',(-1.,0.,0.));
#2872=DIRECTION('',(0.,0.,1.));
#2873=DIRECTION('',(-1.,0.,0.));
#2874=DIRECTION('',(0.,0.,1.));
#2875=DIRECTION('',(-1.,0.,0.));
#2876=DIRECTION('',(0.,0.,1.));
#2877=DIRECTION('',(-1.,0.,0.));
#2878=DIRECTION('',(0.,0.,-1.));
#2879=DIRECTION('',(1.,0.,0.));
#2880=DIRECTION('',(0.,0.,-1.));
#2881=DIRECTION('',(1.,0.,0.));
#2882=DIRECTION('',(0.,0.,-1.));
#2883=DIRECTION('',(0.,-1.,0.));
#2884=DIRECTION('',(0.,0.,-1.));
#2885=DIRECTION('',(0.,-1.,0.));
#2886=DIRECTION('',(0.,0.,-1.));
#2887=DIRECTION('',(-1.,0.,0.));
#2888=DIRECTION('',(0.,0.,-1.));
#2889=DIRECTION('',(-1.,0.,0.));
#2890=DIRECTION('',(0.,0.,-1.));
#2891=DIRECTION('',(0.,1.,0.));
#2892=DIRECTION('',(0.,0.,-1.));
#2893=DIRECTION('',(0.,1.,0.));
#2894=DIRECTION('',(0.,0.,1.));
#2895=DIRECTION('',(1.,0.,0.));
#2896=CARTESIAN_POINT('',(0.,0.,0.));
#2897=CARTESIAN_POINT('',(-2697.22522445652,1622.37484673843,31.6));
#2898=CARTESIAN_POINT('',(-2697.82794138226,1623.17280181701,8.3));
#2899=CARTESIAN_POINT('',(-2705.18821242784,1617.61339119811,8.3));
#2900=CARTESIAN_POINT('',(-2712.51800963396,1617.61339119811,8.3));
#2901=CARTESIAN_POINT('',(-2712.51800963396,1577.61339119811,8.3));
#2902=CARTESIAN_POINT('',(-2705.18821242783,1577.61339119811,8.3));
#2903=CARTESIAN_POINT('',(-2697.22522445652,1572.85193565779,31.6));
#2904=CARTESIAN_POINT('',(-2696.22522445652,1572.85193565779,8.3));
#2905=CARTESIAN_POINT('',(-2714.55460778114,1565.4115717727,8.3));
#2906=CARTESIAN_POINT('',(-2714.55460778114,1565.4115717727,54.9));
#2907=CARTESIAN_POINT('',(-2703.72507920021,1597.61339119811,43.3000000000002));
#2908=CARTESIAN_POINT('',(-2711.22505844937,1601.61874358596,45.1677264920635));
#2909=CARTESIAN_POINT('',(-2703.72516220378,1597.61339119811,23.3000000000001));
#2910=CARTESIAN_POINT('',(-2711.22514145294,1601.61874358596,25.1677264920635));
#2911=CARTESIAN_POINT('',(-2703.72507920021,1597.61339119811,43.3000000000003));
#2912=CARTESIAN_POINT('',(-2703.72516220378,1597.61339119811,23.3000000000001));
#2913=CARTESIAN_POINT('',(-2696.22522445652,1622.37484673843,8.3));
#2914=CARTESIAN_POINT('',(-2697.82794138226,1623.17280181701,8.3));
#2915=CARTESIAN_POINT('',(-2697.82794138226,1623.17280181701,54.9));
#2916=CARTESIAN_POINT('',(-2696.22522445652,1622.37484673843,54.9));
#2917=CARTESIAN_POINT('',(-2705.18821242784,1617.61339119811,8.3));
#2918=CARTESIAN_POINT('',(-2705.18821242784,1617.61339119811,54.9));
#2919=CARTESIAN_POINT('',(-2712.51800963396,1617.61339119811,8.3));
#2920=CARTESIAN_POINT('',(-2712.51800963396,1617.61339119811,54.9));
#2921=CARTESIAN_POINT('',(-2712.51800963396,1577.61339119811,8.3));
#2922=CARTESIAN_POINT('',(-2712.51800963396,1577.61339119811,54.9));
#2923=CARTESIAN_POINT('',(-2705.18821242783,1577.61339119811,8.3));
#2924=CARTESIAN_POINT('',(-2705.18821242783,1577.61339119811,54.9));
#2925=CARTESIAN_POINT('',(-2697.82794138226,1572.05398057921,8.3));
#2926=CARTESIAN_POINT('',(-2697.82794138226,1572.05398057921,54.9));
#2927=CARTESIAN_POINT('',(-2696.22522445652,1572.85193565779,8.3));
#2928=CARTESIAN_POINT('',(-2696.22522445652,1572.85193565779,54.9));
#2929=CARTESIAN_POINT('',(-2711.22505844937,1596.7583408398,40.9507684480354));
#2930=CARTESIAN_POINT('',(-2696.22509995104,1596.7583408398,40.9507684480354));
#2931=CARTESIAN_POINT('',(-2711.22514145295,1596.7583408398,20.9507684480354));
#2932=CARTESIAN_POINT('',(-2696.22518295462,1596.7583408398,20.9507684480354));
#2933=CARTESIAN_POINT('',(-2696.22509995104,1598.46844155642,45.649231551965));
#2934=CARTESIAN_POINT('',(-2711.22505844937,1598.46844155642,45.649231551965));
#2935=CARTESIAN_POINT('',(-2696.22518295462,1598.46844155642,25.649231551965));
#2936=CARTESIAN_POINT('',(-2711.22514145295,1598.46844155642,25.649231551965));
#2937=CARTESIAN_POINT('',(-2697.22522445652,1622.37484673843,8.3));
#2938=CARTESIAN_POINT('',(-2696.22522445652,1622.37484673843,8.3));
#2939=CARTESIAN_POINT('',(-2697.82794138226,1623.17280181701,8.3));
#2940=CARTESIAN_POINT('',(-2697.82794138226,1623.17280181701,8.3));
#2941=CARTESIAN_POINT('',(-2697.82794138226,1623.17280181701,54.9));
#2942=CARTESIAN_POINT('',(-2697.22522445652,1622.37484673843,54.9));
#2943=CARTESIAN_POINT('',(-2696.22522445652,1622.37484673843,54.9));
#2944=CARTESIAN_POINT('',(-2697.82794138226,1623.17280181701,54.9));
#2945=CARTESIAN_POINT('',(-2696.22522445652,1622.37484673843,8.3));
#2946=CARTESIAN_POINT('',(-2696.22522445652,1622.37484673843,54.9));
#2947=CARTESIAN_POINT('',(-2697.82794138226,1623.17280181701,8.3));
#2948=CARTESIAN_POINT('',(-2705.18821242784,1617.61339119811,8.3));
#2949=CARTESIAN_POINT('',(-2705.18821242784,1617.61339119811,8.3));
#2950=CARTESIAN_POINT('',(-2705.18821242784,1617.61339119811,54.9));
#2951=CARTESIAN_POINT('',(-2697.82794138226,1623.17280181701,54.9));
#2952=CARTESIAN_POINT('',(-2705.18821242784,1617.61339119811,54.9));
#2953=CARTESIAN_POINT('',(-2705.18821242784,1617.61339119811,8.3));
#2954=CARTESIAN_POINT('',(-2712.51800963396,1617.61339119811,8.3));
#2955=CARTESIAN_POINT('',(-2712.51800963396,1617.61339119811,8.3));
#2956=CARTESIAN_POINT('',(-2712.51800963396,1617.61339119811,54.9));
#2957=CARTESIAN_POINT('',(-2705.18821242784,1617.61339119811,54.9));
#2958=CARTESIAN_POINT('',(-2712.51800963396,1617.61339119811,54.9));
#2959=CARTESIAN_POINT('',(-2712.51800963396,1617.61339119811,8.3));
#2960=CARTESIAN_POINT('',(-2712.51800963396,1577.61339119811,8.3));
#2961=CARTESIAN_POINT('',(-2712.51800963396,1577.61339119811,8.3));
#2962=CARTESIAN_POINT('',(-2712.51800963396,1577.61339119811,54.9));
#2963=CARTESIAN_POINT('',(-2712.51800963396,1617.61339119811,54.9));
#2964=CARTESIAN_POINT('',(-2712.51800963396,1577.61339119811,54.9));
#2965=CARTESIAN_POINT('',(-2712.51800963396,1577.61339119811,8.3));
#2966=CARTESIAN_POINT('',(-2705.18821242783,1577.61339119811,8.3));
#2967=CARTESIAN_POINT('',(-2705.18821242783,1577.61339119811,8.3));
#2968=CARTESIAN_POINT('',(-2705.18821242783,1577.61339119811,54.9));
#2969=CARTESIAN_POINT('',(-2712.51800963396,1577.61339119811,54.9));
#2970=CARTESIAN_POINT('',(-2705.18821242783,1577.61339119811,54.9));
#2971=CARTESIAN_POINT('',(-2705.18821242783,1577.61339119811,8.3));
#2972=CARTESIAN_POINT('',(-2697.82794138226,1572.05398057921,8.3));
#2973=CARTESIAN_POINT('',(-2697.82794138226,1572.05398057921,8.3));
#2974=CARTESIAN_POINT('',(-2697.82794138226,1572.05398057921,54.9));
#2975=CARTESIAN_POINT('',(-2705.18821242783,1577.61339119811,54.9));
#2976=CARTESIAN_POINT('',(-2697.82794138226,1572.05398057921,54.9));
#2977=CARTESIAN_POINT('',(-2697.22522445652,1572.85193565779,8.3));
#2978=CARTESIAN_POINT('',(-2697.82794138226,1572.05398057921,8.3));
#2979=CARTESIAN_POINT('',(-2696.22522445652,1572.85193565779,8.3));
#2980=CARTESIAN_POINT('',(-2696.22522445652,1572.85193565779,8.3));
#2981=CARTESIAN_POINT('',(-2696.22522445652,1572.85193565779,54.9));
#2982=CARTESIAN_POINT('',(-2697.22522445652,1572.85193565779,54.9));
#2983=CARTESIAN_POINT('',(-2697.82794138226,1572.05398057921,54.9));
#2984=CARTESIAN_POINT('',(-2696.22522445652,1572.85193565779,54.9));
#2985=CARTESIAN_POINT('',(-2696.22522445652,1572.85193565779,8.3));
#2986=CARTESIAN_POINT('',(-2696.22522445652,1577.61339119811,8.3));
#2987=CARTESIAN_POINT('',(-2696.22522445652,1617.61339119811,8.3));
#2988=CARTESIAN_POINT('',(-2696.22522445652,1622.37484673843,8.3));
#2989=CARTESIAN_POINT('',(-2696.22522445652,1572.85193565779,54.9));
#2990=CARTESIAN_POINT('',(-2696.22522445652,1577.61339119811,54.9));
#2991=CARTESIAN_POINT('',(-2696.22522445652,1617.61339119811,54.9));
#2992=CARTESIAN_POINT('',(-2696.22522445652,1622.37484673843,54.9));
#2993=CARTESIAN_POINT('',(-2696.22509995104,1597.61339119811,43.3000000000003));
#2994=CARTESIAN_POINT('',(-2696.22509995104,1596.7583408398,40.9507684480354));
#2995=CARTESIAN_POINT('',(-2696.22509995104,1598.46844155642,45.6492315519653));
#2996=CARTESIAN_POINT('',(-2696.22509995104,1596.7583408398,40.9507684480354));
#2997=CARTESIAN_POINT('',(-2711.22505844937,1596.7583408398,40.9507684480354));
#2998=CARTESIAN_POINT('',(-2711.22505844937,1597.61339119811,43.3000000000002));
#2999=CARTESIAN_POINT('',(-2711.22505844937,1596.7583408398,40.9507684480354));
#3000=CARTESIAN_POINT('',(-2711.22505844937,1598.46844155642,45.649231551965));
#3001=CARTESIAN_POINT('',(-2696.22518295462,1597.61339119811,23.3000000000001));
#3002=CARTESIAN_POINT('',(-2696.22518295462,1596.7583408398,20.9507684480354));
#3003=CARTESIAN_POINT('',(-2696.22518295462,1598.46844155642,25.6492315519648));
#3004=CARTESIAN_POINT('',(-2696.22518295462,1596.7583408398,20.9507684480354));
#3005=CARTESIAN_POINT('',(-2711.22514145295,1596.7583408398,20.9507684480354));
#3006=CARTESIAN_POINT('',(-2711.22514145295,1597.61339119811,23.3000000000002));
#3007=CARTESIAN_POINT('',(-2711.22514145295,1596.7583408398,20.9507684480354));
#3008=CARTESIAN_POINT('',(-2711.22514145295,1598.46844155642,25.6492315519647));
#3009=CARTESIAN_POINT('',(-2696.22509995104,1598.46844155642,45.649231551965));
#3010=CARTESIAN_POINT('',(-2711.22505844937,1598.46844155642,45.649231551965));
#3011=CARTESIAN_POINT('',(-2696.22509995104,1597.61339119811,43.3000000000003));
#3012=CARTESIAN_POINT('',(-2696.22509995104,1598.46844155642,45.649231551965));
#3013=CARTESIAN_POINT('',(-2696.22509995104,1596.7583408398,40.9507684480355));
#3014=CARTESIAN_POINT('',(-2711.22505844937,1597.61339119811,43.3000000000002));
#3015=CARTESIAN_POINT('',(-2711.22505844937,1598.46844155642,45.649231551965));
#3016=CARTESIAN_POINT('',(-2711.22505844937,1596.7583408398,40.9507684480352));
#3017=CARTESIAN_POINT('',(-2696.22518295462,1598.46844155642,25.649231551965));
#3018=CARTESIAN_POINT('',(-2711.22514145295,1598.46844155642,25.649231551965));
#3019=CARTESIAN_POINT('',(-2696.22518295462,1597.61339119811,23.3000000000002));
#3020=CARTESIAN_POINT('',(-2696.22518295462,1598.46844155642,25.649231551965));
#3021=CARTESIAN_POINT('',(-2696.22518295462,1596.7583408398,20.9507684480355));
#3022=CARTESIAN_POINT('',(-2711.22514145295,1597.61339119811,23.3000000000002));
#3023=CARTESIAN_POINT('',(-2711.22514145295,1598.46844155642,25.649231551965));
#3024=CARTESIAN_POINT('',(-2711.22514145295,1596.7583408398,20.9507684480353));
#3025=CARTESIAN_POINT('',(-2509.94119643697,1564.2390392823,33.2000007629395));
#3026=CARTESIAN_POINT('',(-2533.94943165933,1564.2390392823,33.2000007629395));
#3027=CARTESIAN_POINT('',(-2533.94943165933,1627.99348017829,33.2000007629395));
#3028=CARTESIAN_POINT('',(-2404.66136543165,1596.11625973029,24.9000007629395));
#3029=CARTESIAN_POINT('',(-2517.65664648189,1620.87771527062,58.3));
#3030=CARTESIAN_POINT('',(-2518.86208033338,1622.47362542777,8.3));
#3031=CARTESIAN_POINT('',(-2525.95485802633,1617.1162597303,8.3));
#3032=CARTESIAN_POINT('',(-2533.94943165933,1575.1162597303,8.3));
#3033=CARTESIAN_POINT('',(-2525.95485802633,1575.1162597303,8.3));
#3034=CARTESIAN_POINT('',(-2517.65664648189,1571.35480418997,58.3));
#3035=CARTESIAN_POINT('',(-2515.65664648189,1571.35480418997,8.3));
#3036=CARTESIAN_POINT('',(-2404.66136543165,1596.1162597303,24.9000007629395));
#3037=CARTESIAN_POINT('',(-2404.66136543165,1596.11625973029,24.9000007629395));
#3038=CARTESIAN_POINT('',(-2404.59866537446,1685.56228907267,18.1000007629395));
#3039=CARTESIAN_POINT('',(-2404.59866537446,1685.56228907267,18.1000007629395));
#3040=CARTESIAN_POINT('',(-2315.21533608927,1596.05355967311,18.1000007629395));
#3041=CARTESIAN_POINT('',(-2315.21533608927,1596.05355967311,18.1000007629395));
#3042=CARTESIAN_POINT('',(-2404.72406548883,1506.67023038792,18.1000007629395));
#3043=CARTESIAN_POINT('',(-2404.72406548883,1506.67023038792,18.1000007629395));
#3044=CARTESIAN_POINT('',(-2404.59866537446,1685.56228907267,31.7000007629395));
#3045=CARTESIAN_POINT('',(-2404.59866537446,1685.56228907267,31.7000007629395));
#3046=CARTESIAN_POINT('',(-2315.21533608927,1596.05355967311,31.7000007629395));
#3047=CARTESIAN_POINT('',(-2315.21533608927,1596.05355967311,31.7000007629395));
#3048=CARTESIAN_POINT('',(-2404.72406548883,1506.67023038792,31.7000007629395));
#3049=CARTESIAN_POINT('',(-2404.72406548883,1506.67023038792,31.7000007629395));
#3050=CARTESIAN_POINT('',(-2494.10739477403,1596.17895978748,31.7000007629395));
#3051=CARTESIAN_POINT('',(-2494.10739477403,1596.17895978748,31.7000007629395));
#3052=CARTESIAN_POINT('',(-2494.10739477403,1596.17895978748,18.1000007629395));
#3053=CARTESIAN_POINT('',(-2494.10739477403,1596.17895978748,18.1000007629395));
#3054=CARTESIAN_POINT('',(-2563.86043993779,1733.6162597303,33.2000007629395));
#3055=CARTESIAN_POINT('',(-2563.86043993779,1733.6162597303,16.6000007629395));
#3056=CARTESIAN_POINT('',(-2400.84866537446,1689.31228907267,19.6000007629395));
#3057=CARTESIAN_POINT('',(-2311.46533608927,1599.80355967311,19.6000007629395));
#3058=CARTESIAN_POINT('',(-2400.97406548883,1510.42023038792,19.6000007629395));
#3059=CARTESIAN_POINT('',(-2408.34866537446,1689.31228907267,30.2000007629395));
#3060=CARTESIAN_POINT('',(-2318.96533608927,1599.80355967311,30.2000007629395));
#3061=CARTESIAN_POINT('',(-2408.47406548883,1510.42023038792,30.2000007629395));
#3062=CARTESIAN_POINT('',(-2497.85739477403,1599.92895978748,30.2000007629395));
#3063=CARTESIAN_POINT('',(-2490.35739477403,1599.92895978748,19.6000007629395));
#3064=CARTESIAN_POINT('',(-2509.94119643697,1564.2390392823,33.2000007629395));
#3065=CARTESIAN_POINT('',(-2533.94943165933,1564.2390392823,33.2000007629395));
#3066=CARTESIAN_POINT('',(-2533.94943165933,1564.2390392823,16.6000007629395));
#3067=CARTESIAN_POINT('',(-2509.94119643697,1564.2390392823,16.6000007629395));
#3068=CARTESIAN_POINT('',(-2533.94943165933,1627.99348017829,33.2000007629395));
#3069=CARTESIAN_POINT('',(-2533.94943165933,1627.99348017829,16.6000007629395));
#3070=CARTESIAN_POINT('',(-2509.94119643697,1627.99348017829,33.2000007629395));
#3071=CARTESIAN_POINT('',(-2509.94119643697,1627.99348017829,16.6000007629395));
#3072=CARTESIAN_POINT('',(-2329.66136543165,1596.1162597303,33.2000007629395));
#3073=CARTESIAN_POINT('',(-2329.66136543165,1596.1162597303,16.6000007629395));
#3074=CARTESIAN_POINT('',(-2404.59866537446,1682.56228907267,19.6000007629395));
#3075=CARTESIAN_POINT('',(-2404.59866537446,1682.56228907267,16.6000007629395));
#3076=CARTESIAN_POINT('',(-2318.21533608927,1596.05355967311,19.6000007629395));
#3077=CARTESIAN_POINT('',(-2318.21533608927,1596.05355967311,16.6000007629395));
#3078=CARTESIAN_POINT('',(-2404.72406548883,1509.67023038792,19.6000007629395));
#3079=CARTESIAN_POINT('',(-2404.72406548883,1509.67023038792,16.6000007629395));
#3080=CARTESIAN_POINT('',(-2404.59866537446,1682.56228907267,30.2000007629395));
#3081=CARTESIAN_POINT('',(-2404.59866537446,1682.56228907267,33.2000007629395));
#3082=CARTESIAN_POINT('',(-2318.21533608927,1596.05355967311,30.2000007629395));
#3083=CARTESIAN_POINT('',(-2318.21533608927,1596.05355967311,33.2000007629395));
#3084=CARTESIAN_POINT('',(-2404.72406548883,1509.67023038792,30.2000007629395));
#3085=CARTESIAN_POINT('',(-2404.72406548883,1509.67023038792,33.2000007629395));
#3086=CARTESIAN_POINT('',(-2491.10739477403,1596.17895978748,30.2000007629395));
#3087=CARTESIAN_POINT('',(-2491.10739477403,1596.17895978748,33.2000007629395));
#3088=CARTESIAN_POINT('',(-2491.10739477403,1596.17895978748,19.6000007629395));
#3089=CARTESIAN_POINT('',(-2491.10739477403,1596.17895978748,16.6000007629395));
#3090=CARTESIAN_POINT('',(-2533.94943165933,1617.1162597303,16.6000007629395));
#3091=CARTESIAN_POINT('',(-2533.94943165933,1617.1162597303,33.2000007629395));
#3092=CARTESIAN_POINT('',(-2533.94943165933,1575.1162597303,33.2000007629395));
#3093=CARTESIAN_POINT('',(-2533.94943165933,1575.1162597303,16.6000007629395));
#3094=CARTESIAN_POINT('',(-2515.65664648189,1620.87771527062,33.2000007629395));
#3095=CARTESIAN_POINT('',(-2518.86208033338,1622.47362542777,33.2000007629395));
#3096=CARTESIAN_POINT('',(-2525.95485802633,1617.1162597303,33.2000007629395));
#3097=CARTESIAN_POINT('',(-2525.95485802633,1575.1162597303,33.2000007629395));
#3098=CARTESIAN_POINT('',(-2518.86208033338,1569.75889403282,33.2000007629395));
#3099=CARTESIAN_POINT('',(-2515.65664648189,1571.35480418997,33.2000007629395));
#3100=CARTESIAN_POINT('',(-2515.65664648189,1620.87771527062,16.6000007629395));
#3101=CARTESIAN_POINT('',(-2518.86208033338,1622.47362542777,16.6000007629395));
#3102=CARTESIAN_POINT('',(-2525.95485802633,1617.1162597303,16.6000007629395));
#3103=CARTESIAN_POINT('',(-2525.95485802633,1575.1162597303,16.6000007629395));
#3104=CARTESIAN_POINT('',(-2518.86208033338,1569.75889403282,16.6000007629395));
#3105=CARTESIAN_POINT('',(-2515.65664648189,1571.35480418997,16.6000007629395));
#3106=CARTESIAN_POINT('',(-2479.66136543165,1596.1162597303,33.2000007629395));
#3107=CARTESIAN_POINT('',(-2479.66136543165,1596.1162597303,16.6000007629395));
#3108=CARTESIAN_POINT('',(-2404.59866537446,1688.56228907267,16.6000007629395));
#3109=CARTESIAN_POINT('',(-2404.59866537446,1688.56228907267,19.6000007629395));
#3110=CARTESIAN_POINT('',(-2312.21533608927,1596.05355967311,16.6000007629395));
#3111=CARTESIAN_POINT('',(-2312.21533608927,1596.05355967311,19.6000007629395));
#3112=CARTESIAN_POINT('',(-2404.72406548883,1503.67023038792,16.6000007629395));
#3113=CARTESIAN_POINT('',(-2404.72406548883,1503.67023038792,19.6000007629395));
#3114=CARTESIAN_POINT('',(-2404.59866537446,1688.56228907267,33.2000007629395));
#3115=CARTESIAN_POINT('',(-2404.59866537446,1688.56228907267,30.2000007629395));
#3116=CARTESIAN_POINT('',(-2312.21533608927,1596.05355967311,33.2000007629395));
#3117=CARTESIAN_POINT('',(-2312.21533608927,1596.05355967311,30.2000007629395));
#3118=CARTESIAN_POINT('',(-2404.72406548883,1503.67023038792,33.2000007629395));
#3119=CARTESIAN_POINT('',(-2404.72406548883,1503.67023038792,30.2000007629395));
#3120=CARTESIAN_POINT('',(-2497.10739477403,1596.17895978748,33.2000007629395));
#3121=CARTESIAN_POINT('',(-2497.10739477403,1596.17895978748,30.2000007629395));
#3122=CARTESIAN_POINT('',(-2497.10739477403,1596.17895978748,16.6000007629395));
#3123=CARTESIAN_POINT('',(-2497.10739477403,1596.17895978748,19.6000007629395));
#3124=CARTESIAN_POINT('',(-2509.94119643697,1564.2390392823,33.2000007629395));
#3125=CARTESIAN_POINT('',(-2533.94943165933,1564.2390392823,33.2000007629395));
#3126=CARTESIAN_POINT('',(-2533.94943165933,1564.2390392823,33.2000007629395));
#3127=CARTESIAN_POINT('',(-2533.94943165933,1564.2390392823,16.6000007629395));
#3128=CARTESIAN_POINT('',(-2509.94119643697,1564.2390392823,16.6000007629395));
#3129=CARTESIAN_POINT('',(-2533.94943165933,1564.2390392823,16.6000007629395));
#3130=CARTESIAN_POINT('',(-2509.94119643697,1564.2390392823,33.2000007629395));
#3131=CARTESIAN_POINT('',(-2509.94119643697,1564.2390392823,16.6000007629395));
#3132=CARTESIAN_POINT('',(-2533.94943165933,1564.2390392823,33.2000007629395));
#3133=CARTESIAN_POINT('',(-2533.94943165933,1575.1162597303,33.2000007629395));
#3134=CARTESIAN_POINT('',(-2533.94943165933,1627.99348017829,33.2000007629395));
#3135=CARTESIAN_POINT('',(-2533.94943165933,1627.99348017829,16.6000007629395));
#3136=CARTESIAN_POINT('',(-2533.94943165933,1564.2390392823,16.6000007629395));
#3137=CARTESIAN_POINT('',(-2533.94943165933,1575.1162597303,16.6000007629395));
#3138=CARTESIAN_POINT('',(-2533.94943165933,1627.99348017829,33.2000007629395));
#3139=CARTESIAN_POINT('',(-2509.94119643697,1627.99348017829,33.2000007629395));
#3140=CARTESIAN_POINT('',(-2509.94119643697,1627.99348017829,33.2000007629395));
#3141=CARTESIAN_POINT('',(-2509.94119643697,1627.99348017829,16.6000007629395));
#3142=CARTESIAN_POINT('',(-2533.94943165933,1627.99348017829,16.6000007629395));
#3143=CARTESIAN_POINT('',(-2509.94119643697,1627.99348017829,16.6000007629395));
#3144=CARTESIAN_POINT('',(-2404.66136543165,1596.11625973029,33.2000007629395));
#3145=CARTESIAN_POINT('',(-2509.94119643697,1627.99348017829,33.2000007629395));
#3146=CARTESIAN_POINT('',(-2509.94119643697,1564.2390392823,33.2000007629395));
#3147=CARTESIAN_POINT('',(-2404.66136543165,1596.11625973029,16.6000007629395));
#3148=CARTESIAN_POINT('',(-2509.94119643697,1627.99348017829,16.6000007629395));
#3149=CARTESIAN_POINT('',(-2509.94119643697,1564.2390392823,16.6000007629395));
#3150=CARTESIAN_POINT('',(-2404.66136543165,1596.1162597303,33.2000007629395));
#3151=CARTESIAN_POINT('',(-2329.66136543165,1596.1162597303,33.2000007629395));
#3152=CARTESIAN_POINT('',(-2479.66136543165,1596.1162597303,33.2000007629395));
#3153=CARTESIAN_POINT('',(-2329.66136543165,1596.1162597303,33.2000007629395));
#3154=CARTESIAN_POINT('',(-2329.66136543165,1596.1162597303,16.6000007629395));
#3155=CARTESIAN_POINT('',(-2404.66136543165,1596.1162597303,16.6000007629395));
#3156=CARTESIAN_POINT('',(-2329.66136543165,1596.1162597303,16.6000007629395));
#3157=CARTESIAN_POINT('',(-2479.66136543165,1596.1162597303,16.6000007629395));
#3158=CARTESIAN_POINT('',(-2404.59866537446,1685.56228907267,16.6000007629395));
#3159=CARTESIAN_POINT('',(-2404.59866537446,1682.56228907267,16.6000007629395));
#3160=CARTESIAN_POINT('',(-2404.59866537446,1688.56228907267,16.6000007629395));
#3161=CARTESIAN_POINT('',(-2404.59866537446,1682.56228907267,16.6000007629395));
#3162=CARTESIAN_POINT('',(-2404.59866537446,1682.56228907267,19.6000007629395));
#3163=CARTESIAN_POINT('',(-2404.59866537446,1685.56228907267,19.6000007629395));
#3164=CARTESIAN_POINT('',(-2404.59866537446,1682.56228907267,19.6000007629395));
#3165=CARTESIAN_POINT('',(-2404.59866537446,1688.56228907267,19.6000007629395));
#3166=CARTESIAN_POINT('',(-2315.21533608927,1596.05355967311,16.6000007629395));
#3167=CARTESIAN_POINT('',(-2318.21533608927,1596.05355967311,16.6000007629395));
#3168=CARTESIAN_POINT('',(-2312.21533608927,1596.05355967311,16.6000007629395));
#3169=CARTESIAN_POINT('',(-2318.21533608927,1596.05355967311,16.6000007629395));
#3170=CARTESIAN_POINT('',(-2318.21533608927,1596.05355967311,19.6000007629395));
#3171=CARTESIAN_POINT('',(-2315.21533608927,1596.05355967311,19.6000007629395));
#3172=CARTESIAN_POINT('',(-2318.21533608927,1596.05355967311,19.6000007629395));
#3173=CARTESIAN_POINT('',(-2312.21533608927,1596.05355967311,19.6000007629395));
#3174=CARTESIAN_POINT('',(-2404.72406548883,1506.67023038792,16.6000007629395));
#3175=CARTESIAN_POINT('',(-2404.72406548883,1509.67023038792,16.6000007629395));
#3176=CARTESIAN_POINT('',(-2404.72406548883,1503.67023038792,16.6000007629395));
#3177=CARTESIAN_POINT('',(-2404.72406548883,1509.67023038792,16.6000007629395));
#3178=CARTESIAN_POINT('',(-2404.72406548883,1509.67023038792,19.6000007629395));
#3179=CARTESIAN_POINT('',(-2404.72406548883,1506.67023038792,19.6000007629395));
#3180=CARTESIAN_POINT('',(-2404.72406548883,1509.67023038792,19.6000007629395));
#3181=CARTESIAN_POINT('',(-2404.72406548883,1503.67023038792,19.6000007629395));
#3182=CARTESIAN_POINT('',(-2404.59866537446,1685.56228907267,33.2000007629395));
#3183=CARTESIAN_POINT('',(-2404.59866537446,1682.56228907267,33.2000007629395));
#3184=CARTESIAN_POINT('',(-2404.59866537446,1688.56228907267,33.2000007629395));
#3185=CARTESIAN_POINT('',(-2404.59866537446,1682.56228907267,33.2000007629395));
#3186=CARTESIAN_POINT('',(-2404.59866537446,1682.56228907267,30.2000007629395));
#3187=CARTESIAN_POINT('',(-2404.59866537446,1685.56228907267,30.2000007629395));
#3188=CARTESIAN_POINT('',(-2404.59866537446,1682.56228907267,30.2000007629395));
#3189=CARTESIAN_POINT('',(-2404.59866537446,1688.56228907267,30.2000007629395));
#3190=CARTESIAN_POINT('',(-2315.21533608927,1596.05355967311,33.2000007629395));
#3191=CARTESIAN_POINT('',(-2318.21533608927,1596.05355967311,33.2000007629395));
#3192=CARTESIAN_POINT('',(-2312.21533608927,1596.05355967311,33.2000007629395));
#3193=CARTESIAN_POINT('',(-2318.21533608927,1596.05355967311,33.2000007629395));
#3194=CARTESIAN_POINT('',(-2318.21533608927,1596.05355967311,30.2000007629395));
#3195=CARTESIAN_POINT('',(-2315.21533608927,1596.05355967311,30.2000007629395));
#3196=CARTESIAN_POINT('',(-2318.21533608927,1596.05355967311,30.2000007629395));
#3197=CARTESIAN_POINT('',(-2312.21533608927,1596.05355967311,30.2000007629395));
#3198=CARTESIAN_POINT('',(-2404.72406548883,1506.67023038792,33.2000007629395));
#3199=CARTESIAN_POINT('',(-2404.72406548883,1509.67023038792,33.2000007629395));
#3200=CARTESIAN_POINT('',(-2404.72406548883,1503.67023038792,33.2000007629395));
#3201=CARTESIAN_POINT('',(-2404.72406548883,1509.67023038792,33.2000007629395));
#3202=CARTESIAN_POINT('',(-2404.72406548883,1509.67023038792,30.2000007629395));
#3203=CARTESIAN_POINT('',(-2404.72406548883,1506.67023038792,30.2000007629395));
#3204=CARTESIAN_POINT('',(-2404.72406548883,1509.67023038792,30.2000007629395));
#3205=CARTESIAN_POINT('',(-2404.72406548883,1503.67023038792,30.2000007629395));
#3206=CARTESIAN_POINT('',(-2494.10739477403,1596.17895978748,33.2000007629395));
#3207=CARTESIAN_POINT('',(-2491.10739477403,1596.17895978748,33.2000007629395));
#3208=CARTESIAN_POINT('',(-2497.10739477403,1596.17895978748,33.2000007629395));
#3209=CARTESIAN_POINT('',(-2491.10739477403,1596.17895978748,33.2000007629395));
#3210=CARTESIAN_POINT('',(-2491.10739477403,1596.17895978748,30.2000007629395));
#3211=CARTESIAN_POINT('',(-2494.10739477403,1596.17895978748,30.2000007629395));
#3212=CARTESIAN_POINT('',(-2491.10739477403,1596.17895978748,30.2000007629395));
#3213=CARTESIAN_POINT('',(-2497.10739477403,1596.17895978748,30.2000007629395));
#3214=CARTESIAN_POINT('',(-2494.10739477403,1596.17895978748,16.6000007629395));
#3215=CARTESIAN_POINT('',(-2491.10739477403,1596.17895978748,16.6000007629395));
#3216=CARTESIAN_POINT('',(-2497.10739477403,1596.17895978748,16.6000007629395));
#3217=CARTESIAN_POINT('',(-2491.10739477403,1596.17895978748,16.6000007629395));
#3218=CARTESIAN_POINT('',(-2491.10739477403,1596.17895978748,19.6000007629395));
#3219=CARTESIAN_POINT('',(-2494.10739477403,1596.17895978748,19.6000007629395));
#3220=CARTESIAN_POINT('',(-2491.10739477403,1596.17895978748,19.6000007629395));
#3221=CARTESIAN_POINT('',(-2497.10739477403,1596.17895978748,19.6000007629395));
#3222=CARTESIAN_POINT('',(-2533.94943165933,1617.1162597303,16.6000007629395));
#3223=CARTESIAN_POINT('',(-2533.94943165933,1617.1162597303,33.2000007629395));
#3224=CARTESIAN_POINT('',(-2533.94943165933,1575.1162597303,16.6000007629395));
#3225=CARTESIAN_POINT('',(-2533.94943165933,1575.1162597303,33.2000007629395));
#3226=CARTESIAN_POINT('',(-2517.65664648189,1620.87771527062,33.2000007629395));
#3227=CARTESIAN_POINT('',(-2515.65664648189,1620.87771527062,33.2000007629395));
#3228=CARTESIAN_POINT('',(-2518.86208033338,1622.47362542777,33.2000007629394));
#3229=CARTESIAN_POINT('',(-2518.86208033338,1622.47362542777,33.2000007629395));
#3230=CARTESIAN_POINT('',(-2525.95485802633,1617.1162597303,33.2000007629395));
#3231=CARTESIAN_POINT('',(-2525.95485802633,1617.1162597303,33.2000007629395));
#3232=CARTESIAN_POINT('',(-2533.94943165933,1617.1162597303,33.2000007629395));
#3233=CARTESIAN_POINT('',(-2533.94943165933,1575.1162597303,33.2000007629395));
#3234=CARTESIAN_POINT('',(-2525.95485802633,1575.1162597303,33.2000007629395));
#3235=CARTESIAN_POINT('',(-2525.95485802633,1575.1162597303,33.2000007629395));
#3236=CARTESIAN_POINT('',(-2518.86208033338,1569.75889403282,33.2000007629395));
#3237=CARTESIAN_POINT('',(-2517.65664648189,1571.35480418997,33.2000007629395));
#3238=CARTESIAN_POINT('',(-2518.86208033338,1569.75889403282,33.2000007629395));
#3239=CARTESIAN_POINT('',(-2515.65664648189,1571.35480418997,33.2000007629395));
#3240=CARTESIAN_POINT('',(-2515.65664648189,1571.35480418997,33.2000007629395));
#3241=CARTESIAN_POINT('',(-2515.65664648189,1620.87771527062,33.2000007629395));
#3242=CARTESIAN_POINT('',(-2517.65664648189,1620.87771527062,16.6000007629395));
#3243=CARTESIAN_POINT('',(-2515.65664648189,1620.87771527062,16.6000007629395));
#3244=CARTESIAN_POINT('',(-2518.86208033338,1622.47362542777,16.6000007629395));
#3245=CARTESIAN_POINT('',(-2518.86208033338,1622.47362542777,16.6000007629395));
#3246=CARTESIAN_POINT('',(-2525.95485802633,1617.1162597303,16.6000007629395));
#3247=CARTESIAN_POINT('',(-2525.95485802633,1617.1162597303,16.6000007629395));
#3248=CARTESIAN_POINT('',(-2533.94943165933,1617.1162597303,16.6000007629395));
#3249=CARTESIAN_POINT('',(-2533.94943165933,1575.1162597303,16.6000007629395));
#3250=CARTESIAN_POINT('',(-2525.95485802633,1575.1162597303,16.6000007629395));
#3251=CARTESIAN_POINT('',(-2525.95485802633,1575.1162597303,16.6000007629395));
#3252=CARTESIAN_POINT('',(-2518.86208033338,1569.75889403282,16.6000007629395));
#3253=CARTESIAN_POINT('',(-2517.65664648189,1571.35480418997,16.6000007629395));
#3254=CARTESIAN_POINT('',(-2518.86208033338,1569.75889403282,16.6000007629395));
#3255=CARTESIAN_POINT('',(-2515.65664648189,1571.35480418997,16.6000007629395));
#3256=CARTESIAN_POINT('',(-2515.65664648189,1571.35480418997,16.6000007629395));
#3257=CARTESIAN_POINT('',(-2515.65664648189,1620.87771527062,16.6000007629395));
#3258=CARTESIAN_POINT('',(-2533.94943165933,1617.1162597303,33.2000007629395));
#3259=CARTESIAN_POINT('',(-2533.94943165933,1627.99348017829,33.2000007629395));
#3260=CARTESIAN_POINT('',(-2533.94943165933,1617.1162597303,16.6000007629395));
#3261=CARTESIAN_POINT('',(-2533.94943165933,1627.99348017829,16.6000007629395));
#3262=CARTESIAN_POINT('',(-2518.86208033338,1622.47362542777,16.6000007629395));
#3263=CARTESIAN_POINT('',(-2518.86208033338,1622.47362542777,33.2000007629395));
#3264=CARTESIAN_POINT('',(-2515.65664648189,1620.87771527062,16.6000007629395));
#3265=CARTESIAN_POINT('',(-2515.65664648189,1620.87771527062,33.2000007629395));
#3266=CARTESIAN_POINT('',(-2525.95485802633,1617.1162597303,16.6000007629395));
#3267=CARTESIAN_POINT('',(-2525.95485802633,1617.1162597303,33.2000007629395));
#3268=CARTESIAN_POINT('',(-2525.95485802633,1575.1162597303,16.6000007629395));
#3269=CARTESIAN_POINT('',(-2525.95485802633,1575.1162597303,33.2000007629395));
#3270=CARTESIAN_POINT('',(-2518.86208033338,1569.75889403282,16.6000007629395));
#3271=CARTESIAN_POINT('',(-2518.86208033338,1569.75889403282,33.2000007629395));
#3272=CARTESIAN_POINT('',(-2515.65664648189,1571.35480418997,16.6000007629395));
#3273=CARTESIAN_POINT('',(-2515.65664648189,1571.35480418997,33.2000007629395));
#3274=CARTESIAN_POINT('',(-2479.66136543165,1596.1162597303,33.2000007629395));
#3275=CARTESIAN_POINT('',(-2479.66136543165,1596.1162597303,16.6000007629395));
#3276=CARTESIAN_POINT('',(-2404.66136543165,1596.11625973029,33.2000007629395));
#3277=CARTESIAN_POINT('',(-2479.66136543165,1596.1162597303,33.2000007629395));
#3278=CARTESIAN_POINT('',(-2329.66136543165,1596.1162597303,33.2000007629395));
#3279=CARTESIAN_POINT('',(-2404.66136543165,1596.11625973029,16.6000007629395));
#3280=CARTESIAN_POINT('',(-2479.66136543165,1596.1162597303,16.6000007629395));
#3281=CARTESIAN_POINT('',(-2329.66136543165,1596.1162597303,16.6000007629395));
#3282=CARTESIAN_POINT('',(-2404.59866537446,1688.56228907267,16.6000007629395));
#3283=CARTESIAN_POINT('',(-2404.59866537446,1688.56228907267,19.6000007629395));
#3284=CARTESIAN_POINT('',(-2404.59866537446,1685.56228907267,16.6000007629395));
#3285=CARTESIAN_POINT('',(-2404.59866537446,1688.56228907267,16.6000007629395));
#3286=CARTESIAN_POINT('',(-2404.59866537446,1682.56228907267,16.6000007629395));
#3287=CARTESIAN_POINT('',(-2404.59866537446,1685.56228907267,19.6000007629395));
#3288=CARTESIAN_POINT('',(-2404.59866537446,1688.56228907267,19.6000007629395));
#3289=CARTESIAN_POINT('',(-2404.59866537446,1682.56228907267,19.6000007629395));
#3290=CARTESIAN_POINT('',(-2312.21533608927,1596.05355967311,16.6000007629395));
#3291=CARTESIAN_POINT('',(-2312.21533608927,1596.05355967311,19.6000007629395));
#3292=CARTESIAN_POINT('',(-2315.21533608927,1596.05355967311,16.6000007629395));
#3293=CARTESIAN_POINT('',(-2312.21533608927,1596.05355967311,16.6000007629395));
#3294=CARTESIAN_POINT('',(-2318.21533608927,1596.05355967311,16.6000007629395));
#3295=CARTESIAN_POINT('',(-2315.21533608927,1596.05355967311,19.6000007629395));
#3296=CARTESIAN_POINT('',(-2312.21533608927,1596.05355967311,19.6000007629395));
#3297=CARTESIAN_POINT('',(-2318.21533608927,1596.05355967311,19.6000007629395));
#3298=CARTESIAN_POINT('',(-2404.72406548883,1503.67023038792,16.6000007629395));
#3299=CARTESIAN_POINT('',(-2404.72406548883,1503.67023038792,19.6000007629395));
#3300=CARTESIAN_POINT('',(-2404.72406548883,1506.67023038792,16.6000007629395));
#3301=CARTESIAN_POINT('',(-2404.72406548883,1503.67023038792,16.6000007629395));
#3302=CARTESIAN_POINT('',(-2404.72406548883,1509.67023038792,16.6000007629395));
#3303=CARTESIAN_POINT('',(-2404.72406548883,1506.67023038792,19.6000007629395));
#3304=CARTESIAN_POINT('',(-2404.72406548883,1503.67023038792,19.6000007629395));
#3305=CARTESIAN_POINT('',(-2404.72406548883,1509.67023038792,19.6000007629395));
#3306=CARTESIAN_POINT('',(-2404.59866537446,1688.56228907267,33.2000007629395));
#3307=CARTESIAN_POINT('',(-2404.59866537446,1688.56228907267,30.2000007629395));
#3308=CARTESIAN_POINT('',(-2404.59866537446,1685.56228907267,33.2000007629395));
#3309=CARTESIAN_POINT('',(-2404.59866537446,1688.56228907267,33.2000007629395));
#3310=CARTESIAN_POINT('',(-2404.59866537446,1682.56228907267,33.2000007629395));
#3311=CARTESIAN_POINT('',(-2404.59866537446,1685.56228907267,30.2000007629395));
#3312=CARTESIAN_POINT('',(-2404.59866537446,1688.56228907267,30.2000007629395));
#3313=CARTESIAN_POINT('',(-2404.59866537446,1682.56228907267,30.2000007629395));
#3314=CARTESIAN_POINT('',(-2312.21533608927,1596.05355967311,33.2000007629395));
#3315=CARTESIAN_POINT('',(-2312.21533608927,1596.05355967311,30.2000007629395));
#3316=CARTESIAN_POINT('',(-2315.21533608927,1596.05355967311,33.2000007629395));
#3317=CARTESIAN_POINT('',(-2312.21533608927,1596.05355967311,33.2000007629395));
#3318=CARTESIAN_POINT('',(-2318.21533608927,1596.05355967311,33.2000007629395));
#3319=CARTESIAN_POINT('',(-2315.21533608927,1596.05355967311,30.2000007629395));
#3320=CARTESIAN_POINT('',(-2312.21533608927,1596.05355967311,30.2000007629395));
#3321=CARTESIAN_POINT('',(-2318.21533608927,1596.05355967311,30.2000007629395));
#3322=CARTESIAN_POINT('',(-2404.72406548883,1503.67023038792,33.2000007629395));
#3323=CARTESIAN_POINT('',(-2404.72406548883,1503.67023038792,30.2000007629395));
#3324=CARTESIAN_POINT('',(-2404.72406548883,1506.67023038792,33.2000007629395));
#3325=CARTESIAN_POINT('',(-2404.72406548883,1503.67023038792,33.2000007629395));
#3326=CARTESIAN_POINT('',(-2404.72406548883,1509.67023038792,33.2000007629395));
#3327=CARTESIAN_POINT('',(-2404.72406548883,1506.67023038792,30.2000007629395));
#3328=CARTESIAN_POINT('',(-2404.72406548883,1503.67023038792,30.2000007629395));
#3329=CARTESIAN_POINT('',(-2404.72406548883,1509.67023038792,30.2000007629395));
#3330=CARTESIAN_POINT('',(-2497.10739477403,1596.17895978748,33.2000007629395));
#3331=CARTESIAN_POINT('',(-2497.10739477403,1596.17895978748,30.2000007629395));
#3332=CARTESIAN_POINT('',(-2494.10739477403,1596.17895978748,33.2000007629395));
#3333=CARTESIAN_POINT('',(-2497.10739477403,1596.17895978748,33.2000007629395));
#3334=CARTESIAN_POINT('',(-2491.10739477403,1596.17895978748,33.2000007629395));
#3335=CARTESIAN_POINT('',(-2494.10739477403,1596.17895978748,30.2000007629395));
#3336=CARTESIAN_POINT('',(-2497.10739477403,1596.17895978748,30.2000007629395));
#3337=CARTESIAN_POINT('',(-2491.10739477403,1596.17895978748,30.2000007629395));
#3338=CARTESIAN_POINT('',(-2497.10739477403,1596.17895978748,16.6000007629395));
#3339=CARTESIAN_POINT('',(-2497.10739477403,1596.17895978748,19.6000007629395));
#3340=CARTESIAN_POINT('',(-2494.10739477403,1596.17895978748,16.6000007629395));
#3341=CARTESIAN_POINT('',(-2497.10739477403,1596.17895978748,16.6000007629395));
#3342=CARTESIAN_POINT('',(-2491.10739477403,1596.17895978748,16.6000007629395));
#3343=CARTESIAN_POINT('',(-2494.10739477403,1596.17895978748,19.6000007629395));
#3344=CARTESIAN_POINT('',(-2497.10739477403,1596.17895978748,19.6000007629395));
#3345=CARTESIAN_POINT('',(-2491.10739477403,1596.17895978748,19.6000007629395));
#3346=CARTESIAN_POINT('',(-2122.63330406168,1660.0321034283,0.75));
#3347=CARTESIAN_POINT('',(-2247.63330406168,1535.0321034283,0.));
#3348=CARTESIAN_POINT('',(-2247.63330406168,1535.0321034283,1.5));
#3349=CARTESIAN_POINT('',(-2122.63330406168,1660.0321034283,5.));
#3350=CARTESIAN_POINT('',(-2122.63330406168,1660.0321034283,0.75));
#3351=CARTESIAN_POINT('',(-2122.63330406168,1660.0321034283,5.));
#3352=CARTESIAN_POINT('',(-2022.63330406168,1660.0321034283,0.));
#3353=CARTESIAN_POINT('',(-2022.63330406168,1660.0321034283,1.5));
#3354=CARTESIAN_POINT('',(-2117.48330406168,1660.0321034283,0.));
#3355=CARTESIAN_POINT('',(-2117.48330406168,1660.0321034283,1.5));
#3356=CARTESIAN_POINT('',(-2222.63330406168,1660.0321034283,0.));
#3357=CARTESIAN_POINT('',(-2222.63330406168,1660.0321034283,1.5));
#3358=CARTESIAN_POINT('',(-2127.78330406168,1660.0321034283,0.));
#3359=CARTESIAN_POINT('',(-2127.78330406168,1660.0321034283,1.5));
#3360=CARTESIAN_POINT('',(-2122.63330406168,1660.0321034283,0.));
#3361=CARTESIAN_POINT('',(-2022.63330406168,1660.0321034283,0.));
#3362=CARTESIAN_POINT('',(-2222.63330406168,1660.0321034283,0.));
#3363=CARTESIAN_POINT('',(-2022.63330406168,1660.0321034283,0.));
#3364=CARTESIAN_POINT('',(-2022.63330406168,1660.0321034283,1.5));
#3365=CARTESIAN_POINT('',(-2122.63330406168,1660.0321034283,1.5));
#3366=CARTESIAN_POINT('',(-2022.63330406168,1660.0321034283,1.5));
#3367=CARTESIAN_POINT('',(-2222.63330406168,1660.0321034283,1.5));
#3368=CARTESIAN_POINT('',(-2122.63330406168,1660.0321034283,0.));
#3369=CARTESIAN_POINT('',(-2117.48330406168,1660.0321034283,0.));
#3370=CARTESIAN_POINT('',(-2127.78330406168,1660.0321034283,0.));
#3371=CARTESIAN_POINT('',(-2117.48330406168,1660.0321034283,0.));
#3372=CARTESIAN_POINT('',(-2117.48330406168,1660.0321034283,1.5));
#3373=CARTESIAN_POINT('',(-2122.63330406168,1660.0321034283,1.5));
#3374=CARTESIAN_POINT('',(-2117.48330406168,1660.0321034283,1.5));
#3375=CARTESIAN_POINT('',(-2127.78330406168,1660.0321034283,1.5));
#3376=CARTESIAN_POINT('',(-2222.63330406168,1660.0321034283,0.));
#3377=CARTESIAN_POINT('',(-2222.63330406168,1660.0321034283,1.5));
#3378=CARTESIAN_POINT('',(-2122.63330406168,1660.0321034283,0.));
#3379=CARTESIAN_POINT('',(-2222.63330406168,1660.0321034283,0.));
#3380=CARTESIAN_POINT('',(-2022.63330406168,1660.0321034283,0.));
#3381=CARTESIAN_POINT('',(-2122.63330406168,1660.0321034283,1.5));
#3382=CARTESIAN_POINT('',(-2222.63330406168,1660.0321034283,1.5));
#3383=CARTESIAN_POINT('',(-2022.63330406168,1660.0321034283,1.5));
#3384=CARTESIAN_POINT('',(-2127.78330406168,1660.0321034283,0.));
#3385=CARTESIAN_POINT('',(-2127.78330406168,1660.0321034283,1.5));
#3386=CARTESIAN_POINT('',(-2122.63330406168,1660.0321034283,0.));
#3387=CARTESIAN_POINT('',(-2127.78330406168,1660.0321034283,0.));
#3388=CARTESIAN_POINT('',(-2117.48330406168,1660.0321034283,0.));
#3389=CARTESIAN_POINT('',(-2122.63330406168,1660.0321034283,1.5));
#3390=CARTESIAN_POINT('',(-2127.78330406168,1660.0321034283,1.5));
#3391=CARTESIAN_POINT('',(-2117.48330406168,1660.0321034283,1.5));
#3392=CARTESIAN_POINT('',(-1851.86276101004,1655.90394705834,0.75));
#3393=CARTESIAN_POINT('',(-1976.86276101004,1530.90394705834,0.));
#3394=CARTESIAN_POINT('',(-1976.86276101004,1530.90394705834,1.5));
#3395=CARTESIAN_POINT('',(-1851.86276101005,1655.90394705834,5.));
#3396=CARTESIAN_POINT('',(-1851.86276101004,1655.90394705834,0.75));
#3397=CARTESIAN_POINT('',(-1851.86276101005,1655.90394705834,5.));
#3398=CARTESIAN_POINT('',(-1751.86276101005,1655.90394705834,0.));
#3399=CARTESIAN_POINT('',(-1751.86276101005,1655.90394705834,1.5));
#3400=CARTESIAN_POINT('',(-1846.71276101004,1655.90394705834,0.));
#3401=CARTESIAN_POINT('',(-1846.71276101004,1655.90394705834,1.5));
#3402=CARTESIAN_POINT('',(-1951.86276101004,1655.90394705834,0.));
#3403=CARTESIAN_POINT('',(-1951.86276101004,1655.90394705834,1.5));
#3404=CARTESIAN_POINT('',(-1857.01276101004,1655.90394705834,0.));
#3405=CARTESIAN_POINT('',(-1857.01276101004,1655.90394705834,1.5));
#3406=CARTESIAN_POINT('',(-1851.86276101004,1655.90394705834,0.));
#3407=CARTESIAN_POINT('',(-1751.86276101005,1655.90394705834,0.));
#3408=CARTESIAN_POINT('',(-1951.86276101004,1655.90394705834,0.));
#3409=CARTESIAN_POINT('',(-1751.86276101005,1655.90394705834,0.));
#3410=CARTESIAN_POINT('',(-1751.86276101005,1655.90394705834,1.5));
#3411=CARTESIAN_POINT('',(-1851.86276101004,1655.90394705834,1.5));
#3412=CARTESIAN_POINT('',(-1751.86276101005,1655.90394705834,1.5));
#3413=CARTESIAN_POINT('',(-1951.86276101004,1655.90394705834,1.5));
#3414=CARTESIAN_POINT('',(-1851.86276101005,1655.90394705834,0.));
#3415=CARTESIAN_POINT('',(-1846.71276101004,1655.90394705834,0.));
#3416=CARTESIAN_POINT('',(-1857.01276101005,1655.90394705834,0.));
#3417=CARTESIAN_POINT('',(-1846.71276101004,1655.90394705834,0.));
#3418=CARTESIAN_POINT('',(-1846.71276101004,1655.90394705834,1.5));
#3419=CARTESIAN_POINT('',(-1851.86276101005,1655.90394705834,1.5));
#3420=CARTESIAN_POINT('',(-1846.71276101004,1655.90394705834,1.5));
#3421=CARTESIAN_POINT('',(-1857.01276101005,1655.90394705834,1.5));
#3422=CARTESIAN_POINT('',(-1951.86276101004,1655.90394705834,0.));
#3423=CARTESIAN_POINT('',(-1951.86276101004,1655.90394705834,1.5));
#3424=CARTESIAN_POINT('',(-1851.86276101004,1655.90394705834,0.));
#3425=CARTESIAN_POINT('',(-1951.86276101004,1655.90394705834,0.));
#3426=CARTESIAN_POINT('',(-1751.86276101004,1655.90394705834,0.));
#3427=CARTESIAN_POINT('',(-1851.86276101004,1655.90394705834,1.5));
#3428=CARTESIAN_POINT('',(-1951.86276101004,1655.90394705834,1.5));
#3429=CARTESIAN_POINT('',(-1751.86276101004,1655.90394705834,1.5));
#3430=CARTESIAN_POINT('',(-1857.01276101004,1655.90394705834,0.));
#3431=CARTESIAN_POINT('',(-1857.01276101004,1655.90394705834,1.5));
#3432=CARTESIAN_POINT('',(-1851.86276101005,1655.90394705834,0.));
#3433=CARTESIAN_POINT('',(-1857.01276101004,1655.90394705834,0.));
#3434=CARTESIAN_POINT('',(-1846.71276101005,1655.90394705834,0.));
#3435=CARTESIAN_POINT('',(-1851.86276101005,1655.90394705834,1.5));
#3436=CARTESIAN_POINT('',(-1857.01276101004,1655.90394705834,1.5));
#3437=CARTESIAN_POINT('',(-1846.71276101005,1655.90394705834,1.5));
#3438=CARTESIAN_POINT('',(-1663.73922165541,1644.85100456535,0.));
#3439=CARTESIAN_POINT('',(-1663.73922165541,1581.09656366936,0.));
#3440=CARTESIAN_POINT('',(-1639.52479458433,1644.85100456535,0.));
#3441=CARTESIAN_POINT('',(-1534.45115542772,1612.97378411736,8.3));
#3442=CARTESIAN_POINT('',(-1666.45115542772,1480.97378411736,0.));
#3443=CARTESIAN_POINT('',(-1666.45115542772,1480.97378411736,16.6));
#3444=CARTESIAN_POINT('',(-1647.44644683366,1637.73523949702,7.5));
#3445=CARTESIAN_POINT('',(-1648.65188068514,1639.33114965417,0.));
#3446=CARTESIAN_POINT('',(-1655.74465837809,1633.97378395669,0.));
#3447=CARTESIAN_POINT('',(-1663.7392320111,1591.97378395669,0.));
#3448=CARTESIAN_POINT('',(-1655.74465837809,1591.97378395669,0.));
#3449=CARTESIAN_POINT('',(-1647.44644683366,1588.21232841637,7.5));
#3450=CARTESIAN_POINT('',(-1645.44644683366,1588.21232841637,0.));
#3451=CARTESIAN_POINT('',(-1534.45115542772,1612.97378411736,16.6));
#3452=CARTESIAN_POINT('',(-1534.45115542772,1612.97378411736,16.6));
#3453=CARTESIAN_POINT('',(-1534.45115542772,1612.97378411736,7.96921050554529));
#3454=CARTESIAN_POINT('',(-1534.45115542772,1612.97378411736,7.96921050554529));
#3455=CARTESIAN_POINT('',(-1445.00512608534,1613.03648417454,1.5));
#3456=CARTESIAN_POINT('',(-1445.00512608534,1613.03648417454,1.5));
#3457=CARTESIAN_POINT('',(-1534.51385548491,1702.41981345973,1.5));
#3458=CARTESIAN_POINT('',(-1534.51385548491,1702.41981345973,1.5));
#3459=CARTESIAN_POINT('',(-1623.8971847701,1612.91108406017,1.5));
#3460=CARTESIAN_POINT('',(-1623.8971847701,1612.91108406017,1.5));
#3461=CARTESIAN_POINT('',(-1534.38845537053,1523.52775477498,1.5));
#3462=CARTESIAN_POINT('',(-1534.38845537053,1523.52775477498,1.5));
#3463=CARTESIAN_POINT('',(-1660.70115542772,1486.72378411736,11.6));
#3464=CARTESIAN_POINT('',(-1441.25512608534,1616.78648417454,3.));
#3465=CARTESIAN_POINT('',(-1538.26385548491,1706.16981345973,3.));
#3466=CARTESIAN_POINT('',(-1627.6471847701,1609.16108406017,3.));
#3467=CARTESIAN_POINT('',(-1530.63845537053,1519.77775477498,3.));
#3468=CARTESIAN_POINT('',(-1666.02583015828,1579.52196453129,15.));
#3469=CARTESIAN_POINT('',(-1663.73922165541,1644.85100456535,0.));
#3470=CARTESIAN_POINT('',(-1663.73922165541,1581.09656366936,0.));
#3471=CARTESIAN_POINT('',(-1663.73922165541,1581.09656366936,16.6));
#3472=CARTESIAN_POINT('',(-1663.73922165541,1644.85100456535,16.6));
#3473=CARTESIAN_POINT('',(-1424.45115542772,1612.97378411736,0.));
#3474=CARTESIAN_POINT('',(-1424.45115542772,1612.97378411736,16.6));
#3475=CARTESIAN_POINT('',(-1639.73098643305,1581.09656366936,0.));
#3476=CARTESIAN_POINT('',(-1639.73098643305,1581.09656366936,16.6));
#3477=CARTESIAN_POINT('',(-1639.73098643305,1644.85100456535,16.6));
#3478=CARTESIAN_POINT('',(-1639.73098643305,1644.85100456535,0.));
#3479=CARTESIAN_POINT('',(-1433.45115542772,1612.97378411736,11.6));
#3480=CARTESIAN_POINT('',(-1433.45115542772,1612.97378411736,16.6));
#3481=CARTESIAN_POINT('',(-1459.45115542772,1612.97378411736,1.46044778365189E-17));
#3482=CARTESIAN_POINT('',(-1459.45115542772,1612.97378411736,11.6));
#3483=CARTESIAN_POINT('',(-1448.00512608534,1613.03648417454,3.));
#3484=CARTESIAN_POINT('',(-1448.00512608534,1613.03648417454,0.));
#3485=CARTESIAN_POINT('',(-1534.51385548491,1699.41981345973,3.));
#3486=CARTESIAN_POINT('',(-1534.51385548491,1699.41981345973,0.));
#3487=CARTESIAN_POINT('',(-1620.8971847701,1612.91108406017,3.));
#3488=CARTESIAN_POINT('',(-1620.8971847701,1612.91108406017,0.));
#3489=CARTESIAN_POINT('',(-1534.38845537053,1526.52775477498,3.));
#3490=CARTESIAN_POINT('',(-1534.38845537053,1526.52775477498,0.));
#3491=CARTESIAN_POINT('',(-1648.65188068514,1639.33114965417,15.));
#3492=CARTESIAN_POINT('',(-1645.44644683366,1637.73523949702,15.));
#3493=CARTESIAN_POINT('',(-1655.74465837809,1633.97378395669,15.));
#3494=CARTESIAN_POINT('',(-1655.74465837809,1591.97378395669,15.));
#3495=CARTESIAN_POINT('',(-1648.65188068514,1586.61641825922,15.));
#3496=CARTESIAN_POINT('',(-1645.44644683366,1588.21232841637,15.));
#3497=CARTESIAN_POINT('',(-1663.7392320111,1633.97378395669,0.));
#3498=CARTESIAN_POINT('',(-1663.7392320111,1633.97378395669,15.));
#3499=CARTESIAN_POINT('',(-1663.73922165541,1591.97378395669,0.));
#3500=CARTESIAN_POINT('',(-1663.7392320111,1591.97378395669,15.));
#3501=CARTESIAN_POINT('',(-1645.44644683366,1637.73523949702,0.));
#3502=CARTESIAN_POINT('',(-1648.65188068514,1639.33114965417,0.));
#3503=CARTESIAN_POINT('',(-1655.74465837809,1633.97378395669,0.));
#3504=CARTESIAN_POINT('',(-1655.74465837809,1591.97378395669,0.));
#3505=CARTESIAN_POINT('',(-1648.65188068514,1586.61641825922,0.));
#3506=CARTESIAN_POINT('',(-1645.44644683366,1588.21232841637,0.));
#3507=CARTESIAN_POINT('',(-1635.45115542772,1612.97378411736,11.6));
#3508=CARTESIAN_POINT('',(-1635.45115542772,1612.97378411736,16.6));
#3509=CARTESIAN_POINT('',(-1609.45115542772,1612.97378411736,2.92089556730377E-17));
#3510=CARTESIAN_POINT('',(-1609.45115542772,1612.97378411736,11.6));
#3511=CARTESIAN_POINT('',(-1442.00512608534,1613.03648417454,0.));
#3512=CARTESIAN_POINT('',(-1442.00512608534,1613.03648417454,3.));
#3513=CARTESIAN_POINT('',(-1534.51385548491,1705.41981345973,0.));
#3514=CARTESIAN_POINT('',(-1534.51385548491,1705.41981345973,3.));
#3515=CARTESIAN_POINT('',(-1626.8971847701,1612.91108406017,0.));
#3516=CARTESIAN_POINT('',(-1626.8971847701,1612.91108406017,3.));
#3517=CARTESIAN_POINT('',(-1534.38845537053,1520.52775477498,0.));
#3518=CARTESIAN_POINT('',(-1534.38845537053,1520.52775477498,3.));
#3519=CARTESIAN_POINT('',(-1663.73922165541,1644.85100456535,0.));
#3520=CARTESIAN_POINT('',(-1663.7392320111,1633.97378395669,0.));
#3521=CARTESIAN_POINT('',(-1663.73922165541,1581.09656366936,0.));
#3522=CARTESIAN_POINT('',(-1663.73922165541,1581.09656366936,16.6));
#3523=CARTESIAN_POINT('',(-1663.73922165541,1644.85100456535,16.6));
#3524=CARTESIAN_POINT('',(-1663.73922165541,1581.09656366936,16.6));
#3525=CARTESIAN_POINT('',(-1663.73922165541,1644.85100456535,0.));
#3526=CARTESIAN_POINT('',(-1663.73922165541,1644.85100456535,16.6));
#3527=CARTESIAN_POINT('',(-1663.73922165541,1581.09656366936,0.));
#3528=CARTESIAN_POINT('',(-1639.73098643305,1581.09656366936,0.));
#3529=CARTESIAN_POINT('',(-1663.73922165541,1581.09656366936,16.6));
#3530=CARTESIAN_POINT('',(-1639.73098643305,1581.09656366936,16.6));
#3531=CARTESIAN_POINT('',(-1534.45115542772,1612.97378411736,0.));
#3532=CARTESIAN_POINT('',(-1424.45115542772,1612.97378411736,0.));
#3533=CARTESIAN_POINT('',(-1639.73098643305,1644.85100456535,0.));
#3534=CARTESIAN_POINT('',(-1424.45115542772,1612.97378411736,0.));
#3535=CARTESIAN_POINT('',(-1424.45115542772,1612.97378411736,16.6));
#3536=CARTESIAN_POINT('',(-1534.45115542772,1612.97378411736,16.6));
#3537=CARTESIAN_POINT('',(-1424.45115542772,1612.97378411736,16.6));
#3538=CARTESIAN_POINT('',(-1639.73098643305,1644.85100456535,16.6));
#3539=CARTESIAN_POINT('',(-1639.73098643305,1581.09656366936,0.));
#3540=CARTESIAN_POINT('',(-1639.73098643305,1581.09656366936,16.6));
#3541=CARTESIAN_POINT('',(-1639.73098643305,1644.85100456535,16.6));
#3542=CARTESIAN_POINT('',(-1639.73098643305,1644.85100456535,0.));
#3543=CARTESIAN_POINT('',(-1639.73098643305,1644.85100456535,0.));
#3544=CARTESIAN_POINT('',(-1663.73922165541,1644.85100456535,0.));
#3545=CARTESIAN_POINT('',(-1639.73098643305,1644.85100456535,16.6));
#3546=CARTESIAN_POINT('',(-1663.73922165541,1644.85100456535,16.6));
#3547=CARTESIAN_POINT('',(-1534.45115542772,1612.97378411735,0.));
#3548=CARTESIAN_POINT('',(-1639.73098643305,1581.09656366936,0.));
#3549=CARTESIAN_POINT('',(-1424.45115542772,1612.97378411736,0.));
#3550=CARTESIAN_POINT('',(-1534.45115542772,1612.97378411735,16.6));
#3551=CARTESIAN_POINT('',(-1639.73098643305,1581.09656366936,16.6));
#3552=CARTESIAN_POINT('',(-1424.45115542772,1612.97378411736,16.6));
#3553=CARTESIAN_POINT('',(-1534.45115542772,1612.97378411736,11.6));
#3554=CARTESIAN_POINT('',(-1433.45115542772,1612.97378411736,11.6));
#3555=CARTESIAN_POINT('',(-1635.45115542772,1612.97378411736,11.6));
#3556=CARTESIAN_POINT('',(-1433.45115542772,1612.97378411736,11.6));
#3557=CARTESIAN_POINT('',(-1433.45115542772,1612.97378411736,16.6));
#3558=CARTESIAN_POINT('',(-1534.45115542772,1612.97378411736,16.6));
#3559=CARTESIAN_POINT('',(-1433.45115542772,1612.97378411736,16.6));
#3560=CARTESIAN_POINT('',(-1635.45115542772,1612.97378411736,16.6));
#3561=CARTESIAN_POINT('',(-1534.45115542772,1612.97378411736,2.92089556730377E-17));
#3562=CARTESIAN_POINT('',(-1459.45115542772,1612.97378411736,2.92089556730377E-17));
#3563=CARTESIAN_POINT('',(-1609.45115542772,1612.97378411736,2.92089556730377E-17));
#3564=CARTESIAN_POINT('',(-1534.45115542772,1612.97378411736,11.6));
#3565=CARTESIAN_POINT('',(-1459.45115542772,1612.97378411736,11.6));
#3566=CARTESIAN_POINT('',(-1609.45115542772,1612.97378411736,11.6));
#3567=CARTESIAN_POINT('',(-1459.45115542772,1612.97378411736,1.46044778365189E-17));
#3568=CARTESIAN_POINT('',(-1459.45115542772,1612.97378411736,11.6));
#3569=CARTESIAN_POINT('',(-1445.00512608534,1613.03648417454,0.));
#3570=CARTESIAN_POINT('',(-1448.00512608534,1613.03648417454,0.));
#3571=CARTESIAN_POINT('',(-1442.00512608534,1613.03648417454,0.));
#3572=CARTESIAN_POINT('',(-1448.00512608534,1613.03648417454,0.));
#3573=CARTESIAN_POINT('',(-1448.00512608534,1613.03648417454,3.));
#3574=CARTESIAN_POINT('',(-1445.00512608534,1613.03648417454,3.));
#3575=CARTESIAN_POINT('',(-1448.00512608534,1613.03648417454,3.));
#3576=CARTESIAN_POINT('',(-1442.00512608534,1613.03648417454,3.));
#3577=CARTESIAN_POINT('',(-1534.51385548491,1702.41981345973,0.));
#3578=CARTESIAN_POINT('',(-1534.51385548491,1699.41981345973,0.));
#3579=CARTESIAN_POINT('',(-1534.51385548491,1705.41981345973,0.));
#3580=CARTESIAN_POINT('',(-1534.51385548491,1699.41981345973,0.));
#3581=CARTESIAN_POINT('',(-1534.51385548491,1699.41981345973,3.));
#3582=CARTESIAN_POINT('',(-1534.51385548491,1702.41981345973,3.));
#3583=CARTESIAN_POINT('',(-1534.51385548491,1699.41981345973,3.));
#3584=CARTESIAN_POINT('',(-1534.51385548491,1705.41981345973,3.));
#3585=CARTESIAN_POINT('',(-1623.8971847701,1612.91108406017,0.));
#3586=CARTESIAN_POINT('',(-1620.8971847701,1612.91108406017,0.));
#3587=CARTESIAN_POINT('',(-1626.8971847701,1612.91108406017,0.));
#3588=CARTESIAN_POINT('',(-1620.8971847701,1612.91108406017,0.));
#3589=CARTESIAN_POINT('',(-1620.8971847701,1612.91108406017,3.));
#3590=CARTESIAN_POINT('',(-1623.8971847701,1612.91108406017,3.));
#3591=CARTESIAN_POINT('',(-1620.8971847701,1612.91108406017,3.));
#3592=CARTESIAN_POINT('',(-1626.8971847701,1612.91108406017,3.));
#3593=CARTESIAN_POINT('',(-1534.38845537053,1523.52775477498,0.));
#3594=CARTESIAN_POINT('',(-1534.38845537053,1526.52775477498,0.));
#3595=CARTESIAN_POINT('',(-1534.38845537053,1520.52775477498,0.));
#3596=CARTESIAN_POINT('',(-1534.38845537053,1526.52775477498,0.));
#3597=CARTESIAN_POINT('',(-1534.38845537053,1526.52775477498,3.));
#3598=CARTESIAN_POINT('',(-1534.38845537053,1523.52775477498,3.));
#3599=CARTESIAN_POINT('',(-1534.38845537053,1526.52775477498,3.));
#3600=CARTESIAN_POINT('',(-1534.38845537053,1520.52775477498,3.));
#3601=CARTESIAN_POINT('',(-1647.44644683366,1637.73523949702,0.));
#3602=CARTESIAN_POINT('',(-1645.44644683366,1637.73523949702,0.));
#3603=CARTESIAN_POINT('',(-1648.65188068514,1639.33114965417,0.));
#3604=CARTESIAN_POINT('',(-1648.65188068514,1639.33114965417,0.));
#3605=CARTESIAN_POINT('',(-1648.65188068514,1639.33114965417,15.));
#3606=CARTESIAN_POINT('',(-1647.44644683366,1637.73523949702,15.));
#3607=CARTESIAN_POINT('',(-1645.44644683366,1637.73523949702,15.));
#3608=CARTESIAN_POINT('',(-1648.65188068514,1639.33114965417,15.));
#3609=CARTESIAN_POINT('',(-1645.44644683366,1637.73523949702,0.));
#3610=CARTESIAN_POINT('',(-1645.44644683366,1637.73523949702,15.));
#3611=CARTESIAN_POINT('',(-1648.65188068514,1639.33114965417,0.));
#3612=CARTESIAN_POINT('',(-1655.74465837809,1633.97378395669,0.));
#3613=CARTESIAN_POINT('',(-1655.74465837809,1633.97378395669,0.));
#3614=CARTESIAN_POINT('',(-1655.74465837809,1633.97378395669,15.));
#3615=CARTESIAN_POINT('',(-1648.65188068514,1639.33114965417,15.));
#3616=CARTESIAN_POINT('',(-1655.74465837809,1633.97378395669,15.));
#3617=CARTESIAN_POINT('',(-1663.7392320111,1633.97378395669,0.));
#3618=CARTESIAN_POINT('',(-1663.7392320111,1633.97378395669,15.));
#3619=CARTESIAN_POINT('',(-1655.74465837809,1633.97378395669,15.));
#3620=CARTESIAN_POINT('',(-1663.7392320111,1633.97378395669,15.));
#3621=CARTESIAN_POINT('',(-1663.73922165541,1591.97378395669,0.));
#3622=CARTESIAN_POINT('',(-1663.7392320111,1591.97378395669,15.));
#3623=CARTESIAN_POINT('',(-1663.7392320111,1633.97378395669,15.));
#3624=CARTESIAN_POINT('',(-1663.7392320111,1591.97378395669,15.));
#3625=CARTESIAN_POINT('',(-1655.74465837809,1591.97378395669,0.));
#3626=CARTESIAN_POINT('',(-1655.74465837809,1591.97378395669,15.));
#3627=CARTESIAN_POINT('',(-1663.7392320111,1591.97378395669,15.));
#3628=CARTESIAN_POINT('',(-1655.74465837809,1591.97378395669,15.));
#3629=CARTESIAN_POINT('',(-1655.74465837809,1591.97378395669,0.));
#3630=CARTESIAN_POINT('',(-1648.65188068514,1586.61641825922,0.));
#3631=CARTESIAN_POINT('',(-1648.65188068514,1586.61641825922,0.));
#3632=CARTESIAN_POINT('',(-1648.65188068514,1586.61641825922,15.));
#3633=CARTESIAN_POINT('',(-1655.74465837809,1591.97378395669,15.));
#3634=CARTESIAN_POINT('',(-1648.65188068514,1586.61641825922,15.));
#3635=CARTESIAN_POINT('',(-1647.44644683366,1588.21232841637,0.));
#3636=CARTESIAN_POINT('',(-1648.65188068514,1586.61641825922,0.));
#3637=CARTESIAN_POINT('',(-1645.44644683366,1588.21232841637,0.));
#3638=CARTESIAN_POINT('',(-1645.44644683366,1588.21232841637,0.));
#3639=CARTESIAN_POINT('',(-1645.44644683366,1588.21232841637,15.));
#3640=CARTESIAN_POINT('',(-1647.44644683366,1588.21232841637,15.));
#3641=CARTESIAN_POINT('',(-1648.65188068514,1586.61641825922,15.));
#3642=CARTESIAN_POINT('',(-1645.44644683366,1588.21232841637,15.));
#3643=CARTESIAN_POINT('',(-1645.44644683366,1588.21232841637,15.));
#3644=CARTESIAN_POINT('',(-1645.44644683366,1637.73523949702,15.));
#3645=CARTESIAN_POINT('',(-1655.74465837809,1633.97378395669,0.));
#3646=CARTESIAN_POINT('',(-1663.7392320111,1633.97378395669,0.));
#3647=CARTESIAN_POINT('',(-1663.73922165541,1591.97378395669,0.));
#3648=CARTESIAN_POINT('',(-1655.74465837809,1591.97378395669,0.));
#3649=CARTESIAN_POINT('',(-1645.44644683366,1588.21232841637,0.));
#3650=CARTESIAN_POINT('',(-1645.44644683366,1637.73523949702,0.));
#3651=CARTESIAN_POINT('',(-1663.73922165541,1591.97378395669,0.));
#3652=CARTESIAN_POINT('',(-1663.73922165541,1581.09656366936,0.));
#3653=CARTESIAN_POINT('',(-1635.45115542772,1612.97378411736,11.6));
#3654=CARTESIAN_POINT('',(-1635.45115542772,1612.97378411736,16.6));
#3655=CARTESIAN_POINT('',(-1534.45115542772,1612.97378411736,11.6));
#3656=CARTESIAN_POINT('',(-1635.45115542772,1612.97378411736,11.6));
#3657=CARTESIAN_POINT('',(-1433.45115542772,1612.97378411736,11.6));
#3658=CARTESIAN_POINT('',(-1534.45115542772,1612.97378411736,16.6));
#3659=CARTESIAN_POINT('',(-1635.45115542772,1612.97378411736,16.6));
#3660=CARTESIAN_POINT('',(-1433.45115542772,1612.97378411736,16.6));
#3661=CARTESIAN_POINT('',(-1609.45115542772,1612.97378411736,-8.58969464027088E-16));
#3662=CARTESIAN_POINT('',(-1609.45115542772,1612.97378411736,11.6));
#3663=CARTESIAN_POINT('',(-1534.45115542772,1612.97378411735,2.92089556730377E-17));
#3664=CARTESIAN_POINT('',(-1609.45115542772,1612.97378411736,2.92089556730377E-17));
#3665=CARTESIAN_POINT('',(-1459.45115542772,1612.97378411736,2.92089556730377E-17));
#3666=CARTESIAN_POINT('',(-1534.45115542772,1612.97378411735,11.6));
#3667=CARTESIAN_POINT('',(-1609.45115542772,1612.97378411736,11.6));
#3668=CARTESIAN_POINT('',(-1459.45115542772,1612.97378411736,11.6));
#3669=CARTESIAN_POINT('',(-1442.00512608534,1613.03648417454,0.));
#3670=CARTESIAN_POINT('',(-1442.00512608534,1613.03648417454,3.));
#3671=CARTESIAN_POINT('',(-1445.00512608534,1613.03648417454,0.));
#3672=CARTESIAN_POINT('',(-1442.00512608534,1613.03648417454,0.));
#3673=CARTESIAN_POINT('',(-1448.00512608534,1613.03648417454,0.));
#3674=CARTESIAN_POINT('',(-1445.00512608534,1613.03648417454,3.));
#3675=CARTESIAN_POINT('',(-1442.00512608534,1613.03648417454,3.));
#3676=CARTESIAN_POINT('',(-1448.00512608534,1613.03648417454,3.));
#3677=CARTESIAN_POINT('',(-1534.51385548491,1705.41981345973,0.));
#3678=CARTESIAN_POINT('',(-1534.51385548491,1705.41981345973,3.));
#3679=CARTESIAN_POINT('',(-1534.51385548491,1702.41981345973,0.));
#3680=CARTESIAN_POINT('',(-1534.51385548491,1705.41981345973,0.));
#3681=CARTESIAN_POINT('',(-1534.51385548491,1699.41981345973,0.));
#3682=CARTESIAN_POINT('',(-1534.51385548491,1702.41981345973,3.));
#3683=CARTESIAN_POINT('',(-1534.51385548491,1705.41981345973,3.));
#3684=CARTESIAN_POINT('',(-1534.51385548491,1699.41981345973,3.));
#3685=CARTESIAN_POINT('',(-1626.8971847701,1612.91108406017,0.));
#3686=CARTESIAN_POINT('',(-1626.8971847701,1612.91108406017,3.));
#3687=CARTESIAN_POINT('',(-1623.8971847701,1612.91108406017,0.));
#3688=CARTESIAN_POINT('',(-1626.8971847701,1612.91108406017,0.));
#3689=CARTESIAN_POINT('',(-1620.8971847701,1612.91108406017,0.));
#3690=CARTESIAN_POINT('',(-1623.8971847701,1612.91108406017,3.));
#3691=CARTESIAN_POINT('',(-1626.8971847701,1612.91108406017,3.));
#3692=CARTESIAN_POINT('',(-1620.8971847701,1612.91108406017,3.));
#3693=CARTESIAN_POINT('',(-1534.38845537053,1520.52775477498,0.));
#3694=CARTESIAN_POINT('',(-1534.38845537053,1520.52775477498,3.));
#3695=CARTESIAN_POINT('',(-1534.38845537053,1523.52775477498,0.));
#3696=CARTESIAN_POINT('',(-1534.38845537053,1520.52775477498,0.));
#3697=CARTESIAN_POINT('',(-1534.38845537053,1526.52775477498,0.));
#3698=CARTESIAN_POINT('',(-1534.38845537053,1523.52775477498,3.));
#3699=CARTESIAN_POINT('',(-1534.38845537053,1520.52775477498,3.));
#3700=CARTESIAN_POINT('',(-1534.38845537053,1526.52775477498,3.));
#3701=CARTESIAN_POINT('',(-1341.32291594584,1576.79187105472,16.6000003814697));
#3702=CARTESIAN_POINT('',(-1341.32291594584,1640.54631195072,16.6000003814697));
#3703=CARTESIAN_POINT('',(-1317.10848887477,1576.79187105472,16.6000003814697));
#3704=CARTESIAN_POINT('',(-1212.03484971816,1608.66909150272,8.30000038146973));
#3705=CARTESIAN_POINT('',(-1344.03484971816,1740.66909150272,16.6000003814697));
#3706=CARTESIAN_POINT('',(-1344.03484971816,1740.66909150272,3.81469725141415E-7));
#3707=CARTESIAN_POINT('',(-1325.03014112409,1583.90763612306,9.10000038146973));
#3708=CARTESIAN_POINT('',(-1326.23557497558,1582.31172596591,16.6000003814697));
#3709=CARTESIAN_POINT('',(-1333.32835266853,1587.66909166338,16.6000003814697));
#3710=CARTESIAN_POINT('',(-1341.32292630153,1629.66909166338,16.6000003814697));
#3711=CARTESIAN_POINT('',(-1333.32835266853,1629.66909166338,16.6000003814697));
#3712=CARTESIAN_POINT('',(-1325.03014112409,1633.43054720371,9.10000038146973));
#3713=CARTESIAN_POINT('',(-1323.03014112409,1633.43054720371,16.6000003814697));
#3714=CARTESIAN_POINT('',(-1212.03484971816,1608.66909150272,3.81469721588701E-7));
#3715=CARTESIAN_POINT('',(-1212.03484971816,1608.66909150272,3.81469721588701E-7));
#3716=CARTESIAN_POINT('',(-1212.03484971816,1608.66909150272,8.63078987592443));
#3717=CARTESIAN_POINT('',(-1212.03484971816,1608.66909150272,8.63078987592443));
#3718=CARTESIAN_POINT('',(-1122.58882037578,1608.60639144553,15.1000003814697));
#3719=CARTESIAN_POINT('',(-1122.58882037578,1608.60639144553,15.1000003814697));
#3720=CARTESIAN_POINT('',(-1212.09754977535,1519.22306216034,15.1000003814697));
#3721=CARTESIAN_POINT('',(-1212.09754977535,1519.22306216034,15.1000003814697));
#3722=CARTESIAN_POINT('',(-1301.48087906054,1608.73179155991,15.1000003814697));
#3723=CARTESIAN_POINT('',(-1301.48087906054,1608.73179155991,15.1000003814697));
#3724=CARTESIAN_POINT('',(-1211.97214966097,1698.1151208451,15.1000003814697));
#3725=CARTESIAN_POINT('',(-1211.97214966097,1698.1151208451,15.1000003814697));
#3726=CARTESIAN_POINT('',(-1338.28484971816,1734.91909150272,5.00000038146972));
#3727=CARTESIAN_POINT('',(-1118.83882037578,1604.85639144553,13.6000003814697));
#3728=CARTESIAN_POINT('',(-1215.84754977535,1515.47306216034,13.6000003814697));
#3729=CARTESIAN_POINT('',(-1305.23087906054,1612.48179155991,13.6000003814697));
#3730=CARTESIAN_POINT('',(-1208.22214966097,1701.8651208451,13.6000003814697));
#3731=CARTESIAN_POINT('',(-1343.60952444871,1642.12091108879,1.60000038146973));
#3732=CARTESIAN_POINT('',(-1341.32291594584,1576.79187105472,16.6000003814697));
#3733=CARTESIAN_POINT('',(-1341.32291594584,1640.54631195072,16.6000003814697));
#3734=CARTESIAN_POINT('',(-1341.32291594584,1640.54631195072,3.81469725141415E-7));
#3735=CARTESIAN_POINT('',(-1341.32291594584,1576.79187105472,3.81469725141415E-7));
#3736=CARTESIAN_POINT('',(-1102.03484971816,1608.66909150272,16.6000003814697));
#3737=CARTESIAN_POINT('',(-1102.03484971816,1608.66909150272,3.81469725141415E-7));
#3738=CARTESIAN_POINT('',(-1317.31468072348,1640.54631195072,16.6000003814697));
#3739=CARTESIAN_POINT('',(-1317.31468072348,1640.54631195072,3.81469725141415E-7));
#3740=CARTESIAN_POINT('',(-1317.31468072348,1576.79187105472,3.81469725141415E-7));
#3741=CARTESIAN_POINT('',(-1317.31468072348,1576.79187105472,16.6000003814697));
#3742=CARTESIAN_POINT('',(-1111.03484971816,1608.66909150272,5.00000038146972));
#3743=CARTESIAN_POINT('',(-1111.03484971816,1608.66909150272,3.81469725141415E-7));
#3744=CARTESIAN_POINT('',(-1137.03484971816,1608.66909150272,16.6000003814697));
#3745=CARTESIAN_POINT('',(-1137.03484971816,1608.66909150272,5.00000038146972));
#3746=CARTESIAN_POINT('',(-1125.58882037578,1608.60639144553,13.6000003814697));
#3747=CARTESIAN_POINT('',(-1125.58882037578,1608.60639144553,16.6000003814697));
#3748=CARTESIAN_POINT('',(-1212.09754977535,1522.22306216034,13.6000003814697));
#3749=CARTESIAN_POINT('',(-1212.09754977535,1522.22306216034,16.6000003814697));
#3750=CARTESIAN_POINT('',(-1298.48087906054,1608.73179155991,13.6000003814697));
#3751=CARTESIAN_POINT('',(-1298.48087906054,1608.73179155991,16.6000003814697));
#3752=CARTESIAN_POINT('',(-1211.97214966097,1695.1151208451,13.6000003814697));
#3753=CARTESIAN_POINT('',(-1211.97214966097,1695.1151208451,16.6000003814697));
#3754=CARTESIAN_POINT('',(-1326.23557497558,1582.31172596591,1.60000038146973));
#3755=CARTESIAN_POINT('',(-1323.03014112409,1583.90763612306,1.60000038146973));
#3756=CARTESIAN_POINT('',(-1333.32835266853,1587.66909166338,1.60000038146973));
#3757=CARTESIAN_POINT('',(-1333.32835266853,1629.66909166338,1.60000038146973));
#3758=CARTESIAN_POINT('',(-1326.23557497558,1635.02645736085,1.60000038146973));
#3759=CARTESIAN_POINT('',(-1323.03014112409,1633.43054720371,1.60000038146973));
#3760=CARTESIAN_POINT('',(-1341.32292630153,1587.66909166338,16.6000003814697));
#3761=CARTESIAN_POINT('',(-1341.32292630153,1587.66909166338,1.60000038146973));
#3762=CARTESIAN_POINT('',(-1341.32291594584,1629.66909166338,16.6000003814697));
#3763=CARTESIAN_POINT('',(-1341.32292630153,1629.66909166338,1.60000038146973));
#3764=CARTESIAN_POINT('',(-1323.03014112409,1583.90763612306,16.6000003814697));
#3765=CARTESIAN_POINT('',(-1326.23557497558,1582.31172596591,16.6000003814697));
#3766=CARTESIAN_POINT('',(-1333.32835266853,1587.66909166338,16.6000003814697));
#3767=CARTESIAN_POINT('',(-1333.32835266853,1629.66909166338,16.6000003814697));
#3768=CARTESIAN_POINT('',(-1326.23557497558,1635.02645736085,16.6000003814697));
#3769=CARTESIAN_POINT('',(-1323.03014112409,1633.43054720371,16.6000003814697));
#3770=CARTESIAN_POINT('',(-1313.03484971816,1608.66909150272,5.00000038146972));
#3771=CARTESIAN_POINT('',(-1313.03484971816,1608.66909150272,3.81469721588701E-7));
#3772=CARTESIAN_POINT('',(-1287.03484971816,1608.66909150272,16.6000003814697));
#3773=CARTESIAN_POINT('',(-1287.03484971816,1608.66909150272,5.00000038146972));
#3774=CARTESIAN_POINT('',(-1119.58882037578,1608.60639144553,16.6000003814697));
#3775=CARTESIAN_POINT('',(-1119.58882037578,1608.60639144553,13.6000003814697));
#3776=CARTESIAN_POINT('',(-1212.09754977535,1516.22306216034,16.6000003814697));
#3777=CARTESIAN_POINT('',(-1212.09754977535,1516.22306216034,13.6000003814697));
#3778=CARTESIAN_POINT('',(-1304.48087906054,1608.73179155991,16.6000003814697));
#3779=CARTESIAN_POINT('',(-1304.48087906054,1608.73179155991,13.6000003814697));
#3780=CARTESIAN_POINT('',(-1211.97214966097,1701.1151208451,16.6000003814697));
#3781=CARTESIAN_POINT('',(-1211.97214966097,1701.1151208451,13.6000003814697));
#3782=CARTESIAN_POINT('',(-1341.32291594584,1576.79187105472,16.6000003814697));
#3783=CARTESIAN_POINT('',(-1341.32292630153,1587.66909166338,16.6000003814697));
#3784=CARTESIAN_POINT('',(-1341.32291594584,1640.54631195072,16.6000003814697));
#3785=CARTESIAN_POINT('',(-1341.32291594584,1640.54631195072,3.81469725141415E-7));
#3786=CARTESIAN_POINT('',(-1341.32291594584,1576.79187105472,3.81469725141415E-7));
#3787=CARTESIAN_POINT('',(-1341.32291594584,1640.54631195072,3.81469725141415E-7));
#3788=CARTESIAN_POINT('',(-1341.32291594584,1576.79187105472,16.6000003814697));
#3789=CARTESIAN_POINT('',(-1341.32291594584,1576.79187105472,3.81469725141415E-7));
#3790=CARTESIAN_POINT('',(-1341.32291594584,1640.54631195072,16.6000003814697));
#3791=CARTESIAN_POINT('',(-1317.31468072348,1640.54631195072,16.6000003814697));
#3792=CARTESIAN_POINT('',(-1341.32291594584,1640.54631195072,3.81469725141415E-7));
#3793=CARTESIAN_POINT('',(-1317.31468072348,1640.54631195072,3.81469725141415E-7));
#3794=CARTESIAN_POINT('',(-1212.03484971816,1608.66909150272,16.6000003814697));
#3795=CARTESIAN_POINT('',(-1102.03484971816,1608.66909150272,16.6000003814697));
#3796=CARTESIAN_POINT('',(-1317.31468072348,1576.79187105472,16.6000003814697));
#3797=CARTESIAN_POINT('',(-1102.03484971816,1608.66909150272,16.6000003814697));
#3798=CARTESIAN_POINT('',(-1102.03484971816,1608.66909150272,3.81469725141415E-7));
#3799=CARTESIAN_POINT('',(-1212.03484971816,1608.66909150272,3.81469725254031E-7));
#3800=CARTESIAN_POINT('',(-1102.03484971816,1608.66909150272,3.81469725141415E-7));
#3801=CARTESIAN_POINT('',(-1317.31468072348,1576.79187105472,3.81469725338743E-7));
#3802=CARTESIAN_POINT('',(-1317.31468072348,1640.54631195072,16.6000003814697));
#3803=CARTESIAN_POINT('',(-1317.31468072348,1640.54631195072,3.81469725141415E-7));
#3804=CARTESIAN_POINT('',(-1317.31468072348,1576.79187105472,3.81469725141415E-7));
#3805=CARTESIAN_POINT('',(-1317.31468072348,1576.79187105472,16.6000003814697));
#3806=CARTESIAN_POINT('',(-1317.31468072348,1576.79187105472,16.6000003814697));
#3807=CARTESIAN_POINT('',(-1341.32291594584,1576.79187105472,16.6000003814697));
#3808=CARTESIAN_POINT('',(-1317.31468072348,1576.79187105472,3.81469725141415E-7));
#3809=CARTESIAN_POINT('',(-1341.32291594584,1576.79187105472,3.81469725141415E-7));
#3810=CARTESIAN_POINT('',(-1212.03484971816,1608.66909150272,16.6000003814697));
#3811=CARTESIAN_POINT('',(-1317.31468072348,1640.54631195072,16.6000003814697));
#3812=CARTESIAN_POINT('',(-1102.03484971816,1608.66909150272,16.6000003814697));
#3813=CARTESIAN_POINT('',(-1212.03484971816,1608.66909150272,3.81469724645404E-7));
#3814=CARTESIAN_POINT('',(-1317.31468072348,1640.54631195072,3.81469725191893E-7));
#3815=CARTESIAN_POINT('',(-1102.03484971816,1608.66909150272,3.81469725141414E-7));
#3816=CARTESIAN_POINT('',(-1212.03484971816,1608.66909150272,5.00000038146972));
#3817=CARTESIAN_POINT('',(-1111.03484971816,1608.66909150272,5.00000038146972));
#3818=CARTESIAN_POINT('',(-1313.03484971816,1608.66909150272,5.00000038146972));
#3819=CARTESIAN_POINT('',(-1111.03484971816,1608.66909150272,5.00000038146972));
#3820=CARTESIAN_POINT('',(-1111.03484971816,1608.66909150272,3.81469725141415E-7));
#3821=CARTESIAN_POINT('',(-1212.03484971816,1608.66909150272,3.81469721588701E-7));
#3822=CARTESIAN_POINT('',(-1111.03484971816,1608.66909150272,3.81469721588701E-7));
#3823=CARTESIAN_POINT('',(-1313.03484971816,1608.66909150272,3.81469721588701E-7));
#3824=CARTESIAN_POINT('',(-1212.03484971816,1608.66909150272,16.6000003814697));
#3825=CARTESIAN_POINT('',(-1137.03484971816,1608.66909150272,16.6000003814697));
#3826=CARTESIAN_POINT('',(-1287.03484971816,1608.66909150272,16.6000003814697));
#3827=CARTESIAN_POINT('',(-1212.03484971816,1608.66909150272,5.00000038146972));
#3828=CARTESIAN_POINT('',(-1137.03484971816,1608.66909150272,5.00000038146972));
#3829=CARTESIAN_POINT('',(-1287.03484971816,1608.66909150272,5.00000038146972));
#3830=CARTESIAN_POINT('',(-1137.03484971816,1608.66909150272,16.6000003814697));
#3831=CARTESIAN_POINT('',(-1137.03484971816,1608.66909150272,5.00000038146972));
#3832=CARTESIAN_POINT('',(-1122.58882037578,1608.60639144553,16.6000003814697));
#3833=CARTESIAN_POINT('',(-1125.58882037578,1608.60639144553,16.6000003814697));
#3834=CARTESIAN_POINT('',(-1119.58882037578,1608.60639144553,16.6000003814697));
#3835=CARTESIAN_POINT('',(-1125.58882037578,1608.60639144553,16.6000003814697));
#3836=CARTESIAN_POINT('',(-1125.58882037578,1608.60639144553,13.6000003814697));
#3837=CARTESIAN_POINT('',(-1122.58882037578,1608.60639144553,13.6000003814697));
#3838=CARTESIAN_POINT('',(-1125.58882037578,1608.60639144553,13.6000003814697));
#3839=CARTESIAN_POINT('',(-1119.58882037578,1608.60639144553,13.6000003814697));
#3840=CARTESIAN_POINT('',(-1212.09754977535,1519.22306216034,16.6000003814697));
#3841=CARTESIAN_POINT('',(-1212.09754977535,1522.22306216034,16.6000003814697));
#3842=CARTESIAN_POINT('',(-1212.09754977535,1516.22306216034,16.6000003814697));
#3843=CARTESIAN_POINT('',(-1212.09754977535,1522.22306216034,16.6000003814697));
#3844=CARTESIAN_POINT('',(-1212.09754977535,1522.22306216034,13.6000003814697));
#3845=CARTESIAN_POINT('',(-1212.09754977535,1519.22306216034,13.6000003814697));
#3846=CARTESIAN_POINT('',(-1212.09754977535,1522.22306216034,13.6000003814697));
#3847=CARTESIAN_POINT('',(-1212.09754977535,1516.22306216034,13.6000003814697));
#3848=CARTESIAN_POINT('',(-1301.48087906054,1608.73179155991,16.6000003814697));
#3849=CARTESIAN_POINT('',(-1298.48087906054,1608.73179155991,16.6000003814697));
#3850=CARTESIAN_POINT('',(-1304.48087906054,1608.73179155991,16.6000003814697));
#3851=CARTESIAN_POINT('',(-1298.48087906054,1608.73179155991,16.6000003814697));
#3852=CARTESIAN_POINT('',(-1298.48087906054,1608.73179155991,13.6000003814697));
#3853=CARTESIAN_POINT('',(-1301.48087906054,1608.73179155991,13.6000003814697));
#3854=CARTESIAN_POINT('',(-1298.48087906054,1608.73179155991,13.6000003814697));
#3855=CARTESIAN_POINT('',(-1304.48087906054,1608.73179155991,13.6000003814697));
#3856=CARTESIAN_POINT('',(-1211.97214966097,1698.1151208451,16.6000003814697));
#3857=CARTESIAN_POINT('',(-1211.97214966097,1695.1151208451,16.6000003814697));
#3858=CARTESIAN_POINT('',(-1211.97214966097,1701.1151208451,16.6000003814697));
#3859=CARTESIAN_POINT('',(-1211.97214966097,1695.1151208451,16.6000003814697));
#3860=CARTESIAN_POINT('',(-1211.97214966097,1695.1151208451,13.6000003814697));
#3861=CARTESIAN_POINT('',(-1211.97214966097,1698.1151208451,13.6000003814697));
#3862=CARTESIAN_POINT('',(-1211.97214966097,1695.1151208451,13.6000003814697));
#3863=CARTESIAN_POINT('',(-1211.97214966097,1701.1151208451,13.6000003814697));
#3864=CARTESIAN_POINT('',(-1325.03014112409,1583.90763612306,16.6000003814697));
#3865=CARTESIAN_POINT('',(-1323.03014112409,1583.90763612306,16.6000003814697));
#3866=CARTESIAN_POINT('',(-1326.23557497558,1582.31172596591,16.6000003814697));
#3867=CARTESIAN_POINT('',(-1326.23557497558,1582.31172596591,16.6000003814697));
#3868=CARTESIAN_POINT('',(-1326.23557497558,1582.31172596591,1.60000038146973));
#3869=CARTESIAN_POINT('',(-1325.03014112409,1583.90763612306,1.60000038146973));
#3870=CARTESIAN_POINT('',(-1323.03014112409,1583.90763612306,1.60000038146973));
#3871=CARTESIAN_POINT('',(-1326.23557497558,1582.31172596591,1.60000038146973));
#3872=CARTESIAN_POINT('',(-1323.03014112409,1583.90763612306,16.6000003814697));
#3873=CARTESIAN_POINT('',(-1323.03014112409,1583.90763612306,1.60000038146973));
#3874=CARTESIAN_POINT('',(-1326.23557497558,1582.31172596591,16.6000003814697));
#3875=CARTESIAN_POINT('',(-1333.32835266853,1587.66909166338,16.6000003814697));
#3876=CARTESIAN_POINT('',(-1333.32835266853,1587.66909166338,16.6000003814697));
#3877=CARTESIAN_POINT('',(-1333.32835266853,1587.66909166338,1.60000038146973));
#3878=CARTESIAN_POINT('',(-1326.23557497558,1582.31172596591,1.60000038146973));
#3879=CARTESIAN_POINT('',(-1333.32835266853,1587.66909166338,1.60000038146973));
#3880=CARTESIAN_POINT('',(-1341.32292630153,1587.66909166338,16.6000003814697));
#3881=CARTESIAN_POINT('',(-1341.32292630153,1587.66909166338,1.60000038146973));
#3882=CARTESIAN_POINT('',(-1333.32835266853,1587.66909166338,1.60000038146973));
#3883=CARTESIAN_POINT('',(-1341.32292630153,1587.66909166338,1.60000038146973));
#3884=CARTESIAN_POINT('',(-1341.32291594584,1629.66909166338,16.6000003814697));
#3885=CARTESIAN_POINT('',(-1341.32292630153,1629.66909166338,1.60000038146973));
#3886=CARTESIAN_POINT('',(-1341.32292630153,1587.66909166338,1.60000038146973));
#3887=CARTESIAN_POINT('',(-1341.32292630153,1629.66909166338,1.60000038146973));
#3888=CARTESIAN_POINT('',(-1333.32835266853,1629.66909166338,16.6000003814697));
#3889=CARTESIAN_POINT('',(-1333.32835266853,1629.66909166338,1.60000038146973));
#3890=CARTESIAN_POINT('',(-1341.32292630153,1629.66909166338,1.60000038146973));
#3891=CARTESIAN_POINT('',(-1333.32835266853,1629.66909166338,1.60000038146973));
#3892=CARTESIAN_POINT('',(-1333.32835266853,1629.66909166338,16.6000003814697));
#3893=CARTESIAN_POINT('',(-1326.23557497558,1635.02645736085,16.6000003814697));
#3894=CARTESIAN_POINT('',(-1326.23557497558,1635.02645736085,16.6000003814697));
#3895=CARTESIAN_POINT('',(-1326.23557497558,1635.02645736085,1.60000038146973));
#3896=CARTESIAN_POINT('',(-1333.32835266853,1629.66909166338,1.60000038146973));
#3897=CARTESIAN_POINT('',(-1326.23557497558,1635.02645736085,1.60000038146973));
#3898=CARTESIAN_POINT('',(-1325.03014112409,1633.43054720371,16.6000003814697));
#3899=CARTESIAN_POINT('',(-1326.23557497558,1635.02645736085,16.6000003814697));
#3900=CARTESIAN_POINT('',(-1323.03014112409,1633.43054720371,16.6000003814697));
#3901=CARTESIAN_POINT('',(-1323.03014112409,1633.43054720371,16.6000003814697));
#3902=CARTESIAN_POINT('',(-1323.03014112409,1633.43054720371,1.60000038146973));
#3903=CARTESIAN_POINT('',(-1325.03014112409,1633.43054720371,1.60000038146973));
#3904=CARTESIAN_POINT('',(-1326.23557497558,1635.02645736085,1.60000038146973));
#3905=CARTESIAN_POINT('',(-1323.03014112409,1633.43054720371,1.60000038146973));
#3906=CARTESIAN_POINT('',(-1323.03014112409,1633.43054720371,1.60000038146973));
#3907=CARTESIAN_POINT('',(-1323.03014112409,1583.90763612306,1.60000038146973));
#3908=CARTESIAN_POINT('',(-1333.32835266853,1587.66909166338,16.6000003814697));
#3909=CARTESIAN_POINT('',(-1341.32292630153,1587.66909166338,16.6000003814697));
#3910=CARTESIAN_POINT('',(-1341.32291594584,1629.66909166338,16.6000003814697));
#3911=CARTESIAN_POINT('',(-1333.32835266853,1629.66909166338,16.6000003814697));
#3912=CARTESIAN_POINT('',(-1323.03014112409,1633.43054720371,16.6000003814697));
#3913=CARTESIAN_POINT('',(-1323.03014112409,1583.90763612306,16.6000003814697));
#3914=CARTESIAN_POINT('',(-1341.32291594584,1629.66909166338,16.6000003814697));
#3915=CARTESIAN_POINT('',(-1341.32291594584,1640.54631195072,16.6000003814697));
#3916=CARTESIAN_POINT('',(-1313.03484971816,1608.66909150272,5.00000038146972));
#3917=CARTESIAN_POINT('',(-1313.03484971816,1608.66909150272,3.81469727028794E-7));
#3918=CARTESIAN_POINT('',(-1212.03484971816,1608.66909150272,5.00000038146972));
#3919=CARTESIAN_POINT('',(-1313.03484971816,1608.66909150272,5.00000038146972));
#3920=CARTESIAN_POINT('',(-1111.03484971816,1608.66909150272,5.00000038146972));
#3921=CARTESIAN_POINT('',(-1212.03484971816,1608.66909150272,3.81469721588701E-7));
#3922=CARTESIAN_POINT('',(-1313.03484971816,1608.66909150272,3.81469721588701E-7));
#3923=CARTESIAN_POINT('',(-1111.03484971816,1608.66909150272,3.81469721588701E-7));
#3924=CARTESIAN_POINT('',(-1287.03484971816,1608.66909150272,16.6000003814697));
#3925=CARTESIAN_POINT('',(-1287.03484971816,1608.66909150272,5.00000038146972));
#3926=CARTESIAN_POINT('',(-1212.03484971816,1608.66909150272,16.6000003814697));
#3927=CARTESIAN_POINT('',(-1287.03484971816,1608.66909150272,16.6000003814697));
#3928=CARTESIAN_POINT('',(-1137.03484971816,1608.66909150272,16.6000003814697));
#3929=CARTESIAN_POINT('',(-1212.03484971816,1608.66909150272,5.00000038146972));
#3930=CARTESIAN_POINT('',(-1287.03484971816,1608.66909150272,5.00000038146972));
#3931=CARTESIAN_POINT('',(-1137.03484971816,1608.66909150272,5.00000038146972));
#3932=CARTESIAN_POINT('',(-1119.58882037578,1608.60639144553,16.6000003814697));
#3933=CARTESIAN_POINT('',(-1119.58882037578,1608.60639144553,13.6000003814697));
#3934=CARTESIAN_POINT('',(-1122.58882037578,1608.60639144553,16.6000003814697));
#3935=CARTESIAN_POINT('',(-1119.58882037578,1608.60639144553,16.6000003814697));
#3936=CARTESIAN_POINT('',(-1125.58882037578,1608.60639144553,16.6000003814697));
#3937=CARTESIAN_POINT('',(-1122.58882037578,1608.60639144553,13.6000003814697));
#3938=CARTESIAN_POINT('',(-1119.58882037578,1608.60639144553,13.6000003814697));
#3939=CARTESIAN_POINT('',(-1125.58882037578,1608.60639144553,13.6000003814697));
#3940=CARTESIAN_POINT('',(-1212.09754977535,1516.22306216034,16.6000003814697));
#3941=CARTESIAN_POINT('',(-1212.09754977535,1516.22306216034,13.6000003814697));
#3942=CARTESIAN_POINT('',(-1212.09754977535,1519.22306216034,16.6000003814697));
#3943=CARTESIAN_POINT('',(-1212.09754977535,1516.22306216034,16.6000003814697));
#3944=CARTESIAN_POINT('',(-1212.09754977535,1522.22306216034,16.6000003814697));
#3945=CARTESIAN_POINT('',(-1212.09754977535,1519.22306216034,13.6000003814697));
#3946=CARTESIAN_POINT('',(-1212.09754977535,1516.22306216034,13.6000003814697));
#3947=CARTESIAN_POINT('',(-1212.09754977535,1522.22306216034,13.6000003814697));
#3948=CARTESIAN_POINT('',(-1304.48087906054,1608.73179155991,16.6000003814697));
#3949=CARTESIAN_POINT('',(-1304.48087906054,1608.73179155991,13.6000003814697));
#3950=CARTESIAN_POINT('',(-1301.48087906054,1608.73179155991,16.6000003814697));
#3951=CARTESIAN_POINT('',(-1304.48087906054,1608.73179155991,16.6000003814697));
#3952=CARTESIAN_POINT('',(-1298.48087906054,1608.73179155991,16.6000003814697));
#3953=CARTESIAN_POINT('',(-1301.48087906054,1608.73179155991,13.6000003814697));
#3954=CARTESIAN_POINT('',(-1304.48087906054,1608.73179155991,13.6000003814697));
#3955=CARTESIAN_POINT('',(-1298.48087906054,1608.73179155991,13.6000003814697));
#3956=CARTESIAN_POINT('',(-1211.97214966097,1701.1151208451,16.6000003814697));
#3957=CARTESIAN_POINT('',(-1211.97214966097,1701.1151208451,13.6000003814697));
#3958=CARTESIAN_POINT('',(-1211.97214966097,1698.1151208451,16.6000003814697));
#3959=CARTESIAN_POINT('',(-1211.97214966097,1701.1151208451,16.6000003814697));
#3960=CARTESIAN_POINT('',(-1211.97214966097,1695.1151208451,16.6000003814697));
#3961=CARTESIAN_POINT('',(-1211.97214966097,1698.1151208451,13.6000003814697));
#3962=CARTESIAN_POINT('',(-1211.97214966097,1701.1151208451,13.6000003814697));
#3963=CARTESIAN_POINT('',(-1211.97214966097,1695.1151208451,13.6000003814697));
#3964=CARTESIAN_POINT('',(0.,0.,0.));
ENDSEC;
END-ISO-10303-21;
